clinician_id,clinician_code,provider_id,role,specialty,grade_band,sex,ethnicity_ons,fte,start_date,end_date,is_active
1,CLN000001,1,Physiotherapist,Primary Care,Band 8a,M,White,0.46,2015-12-20,,True
2,CLN000002,1,Physiotherapist,Radiology,Band 5,F,White,0.96,2019-08-11,,True
3,CLN000003,1,Radiologist,Emergency Medicine,Band 6,F,White,0.9,2012-08-05,,True
4,CLN000004,1,Physiotherapist,General Medicine,ST3,M,Black,0.52,2013-06-14,,True
5,CLN000005,1,Consultant,Mental Health,Consultant,M,Other,0.6,2021-05-03,,True
6,CLN000006,1,Staff Nurse,Emergency Medicine,Band 5,F,White,0.8,2022-06-05,,True
7,CLN000007,1,Radiologist,General Medicine,Band 7,M,Black,0.63,2021-04-07,,True
8,CLN000008,1,Physiotherapist,Physiotherapy,Band 6,F,Black,0.8,2015-09-08,,True
9,CLN000009,1,Physiotherapist,Radiology,Band 8a,F,White,0.8,2017-06-24,,True
10,CLN000010,1,Staff Nurse,Radiology,Consultant,F,White,0.58,2017-01-10,,True
11,CLN000011,1,Staff Nurse,Respiratory,Band 7,M,White,0.43,2020-04-25,,True
12,CLN000012,1,Registrar,Cardiology,Band 8a,M,White,0.64,2014-10-09,,True
13,CLN000013,1,Consultant,Cardiology,Band 5,M,White,0.5,2021-07-26,,True
14,CLN000014,1,Consultant,Emergency Medicine,Band 8a,F,White,0.78,2017-05-26,,True
15,CLN000015,1,Consultant,Diabetes,ST3,M,White,0.56,2019-12-08,,True
16,CLN000016,1,Physiotherapist,Mental Health,Band 8a,F,White,0.94,2009-06-20,,True
17,CLN000017,1,Registrar,Physiotherapy,Consultant,F,Asian,0.86,2015-09-18,,True
18,CLN000018,1,Staff Nurse,Cardiology,Consultant,M,White,0.65,2019-01-05,,True
19,CLN000019,1,Staff Nurse,Primary Care,Band 6,F,White,0.5,2012-12-27,,True
20,CLN000020,1,Staff Nurse,Primary Care,Consultant,F,Mixed,0.69,2015-10-02,,True
21,CLN000021,1,Consultant,Primary Care,Band 8a,M,White,0.68,2020-04-26,,True
22,CLN000022,1,Registrar,Physiotherapy,Band 8a,F,Asian,0.94,2016-02-09,,True
23,CLN000023,1,Staff Nurse,Primary Care,Consultant,F,White,0.84,2022-10-09,2023-02-27,False
24,CLN000024,1,Registrar,Respiratory,Band 5,F,White,0.9,2014-10-27,2017-08-08,False
25,CLN000025,1,Physiotherapist,Radiology,ST3,M,White,0.43,2011-04-12,2013-11-03,False
26,CLN000026,1,Physiotherapist,Physiotherapy,ST3,M,White,0.59,2008-10-10,,True
27,CLN000027,1,Physiotherapist,Physiotherapy,Band 5,M,White,0.96,2022-03-01,,True
28,CLN000028,1,Consultant,Physiotherapy,Band 6,F,White,0.92,2008-03-08,,True
29,CLN000029,1,Registrar,Diabetes,ST3,F,White,0.41,2010-03-08,,True
30,CLN000030,1,Consultant,Geriatrics,Band 5,F,White,0.75,2014-03-24,,True
31,CLN000031,1,Radiologist,General Medicine,GP Partner,F,White,0.96,2009-05-27,,True
32,CLN000032,1,Registrar,Radiology,Consultant,M,White,0.95,2015-01-17,,True
33,CLN000033,1,Staff Nurse,Physiotherapy,Band 5,F,White,0.98,2010-08-05,,True
34,CLN000034,1,Radiologist,Emergency Medicine,Band 8a,M,White,0.47,2012-10-07,,True
35,CLN000035,1,Physiotherapist,Diabetes,Band 8a,M,Asian,0.76,2012-05-04,,True
36,CLN000036,1,Registrar,Cardiology,Consultant,M,White,0.55,2012-03-27,,True
37,CLN000037,1,Physiotherapist,Geriatrics,Band 5,F,White,0.49,2010-10-09,,True
38,CLN000038,1,Registrar,Geriatrics,ST3,F,White,0.49,2014-02-15,,True
39,CLN000039,1,Consultant,Cardiology,Band 6,F,White,0.81,2020-05-23,,True
40,CLN000040,1,Registrar,Mental Health,ST3,M,White,0.51,2021-03-07,,True
41,CLN000041,1,Registrar,Geriatrics,Band 7,F,White,0.71,2021-02-03,,True
42,CLN000042,1,Radiologist,Emergency Medicine,ST3,F,Asian,0.94,2011-12-09,,True
43,CLN000043,1,Radiologist,Primary Care,Consultant,M,White,0.72,2012-07-27,,True
44,CLN000044,1,Radiologist,Mental Health,Band 7,M,White,0.48,2014-06-05,,True
45,CLN000045,1,Staff Nurse,Diabetes,Band 7,F,White,0.63,2010-09-07,2014-09-25,False
46,CLN000046,1,Radiologist,Emergency Medicine,GP Partner,F,Asian,0.79,2012-03-22,,True
47,CLN000047,1,Physiotherapist,Primary Care,Band 5,M,White,0.82,2012-07-24,,True
48,CLN000048,1,Radiologist,Primary Care,Consultant,M,White,0.96,2009-09-04,2012-10-11,False
49,CLN000049,1,Staff Nurse,Emergency Medicine,GP Partner,M,Mixed,0.55,2018-08-02,,True
50,CLN000050,1,Consultant,Cardiology,Band 6,F,White,0.68,2018-07-20,,True
51,CLN000051,1,Physiotherapist,Radiology,Band 8a,F,Mixed,0.47,2019-02-20,,True
52,CLN000052,1,Consultant,Mental Health,Band 7,M,White,0.6,2019-11-23,,True
53,CLN000053,1,Physiotherapist,Mental Health,Band 7,F,White,0.49,2009-12-15,,True
54,CLN000054,1,Staff Nurse,Cardiology,GP Partner,F,Mixed,0.87,2017-06-04,2020-01-20,False
55,CLN000055,1,Radiologist,Geriatrics,Band 7,M,White,0.47,2009-06-16,,True
56,CLN000056,1,Staff Nurse,General Medicine,Band 5,M,White,0.68,2014-04-12,,True
57,CLN000057,1,Staff Nurse,Geriatrics,GP Partner,F,Other,0.93,2019-09-08,,True
58,CLN000058,1,Consultant,Cardiology,Consultant,M,White,0.45,2022-09-25,,True
59,CLN000059,1,Registrar,Respiratory,Band 8a,M,White,0.95,2010-04-18,,True
60,CLN000060,1,Consultant,General Medicine,Band 6,M,Black,0.54,2008-04-23,,True
61,CLN000061,1,Physiotherapist,Physiotherapy,ST3,M,White,0.9,2021-06-02,,True
62,CLN000062,1,Consultant,Cardiology,Consultant,M,White,0.91,2015-06-05,,True
63,CLN000063,1,Consultant,Cardiology,Band 5,M,Other,0.77,2012-07-02,,True
64,CLN000064,1,Consultant,General Medicine,Band 6,M,White,0.46,2021-10-05,2023-06-15,False
65,CLN000065,1,Physiotherapist,Respiratory,Consultant,F,White,0.97,2016-04-12,,True
66,CLN000066,1,Staff Nurse,Respiratory,Consultant,M,White,0.71,2018-05-25,,True
67,CLN000067,1,Staff Nurse,Geriatrics,Band 5,F,White,0.66,2019-08-11,,True
68,CLN000068,1,Physiotherapist,Cardiology,Band 7,F,White,0.59,2021-01-09,,True
69,CLN000069,1,Staff Nurse,Cardiology,Band 6,F,White,0.82,2016-08-16,,True
70,CLN000070,1,Physiotherapist,Respiratory,GP Partner,F,White,0.78,2015-05-26,,True
71,CLN000071,1,Staff Nurse,Radiology,ST3,M,White,0.71,2012-10-07,,True
72,CLN000072,1,Registrar,Diabetes,Band 8a,F,White,0.91,2020-01-03,,True
73,CLN000073,1,Registrar,Emergency Medicine,Band 6,F,White,0.41,2014-10-20,,True
74,CLN000074,1,Radiologist,Mental Health,Band 6,M,White,0.62,2015-12-03,,True
75,CLN000075,1,Radiologist,Emergency Medicine,Band 7,M,White,0.63,2021-08-10,,True
76,CLN000076,1,Consultant,Mental Health,Band 8a,F,White,0.9,2021-12-26,,True
77,CLN000077,1,Staff Nurse,Physiotherapy,ST3,F,White,0.64,2012-01-23,,True
78,CLN000078,1,Physiotherapist,Emergency Medicine,Band 8a,F,White,0.94,2022-01-18,,True
79,CLN000079,1,Registrar,Cardiology,Band 8a,F,White,0.45,2012-03-23,,True
80,CLN000080,1,Radiologist,Radiology,Consultant,M,Black,0.43,2018-05-21,,True
81,CLN000081,1,Staff Nurse,Geriatrics,GP Partner,F,Black,0.91,2013-07-12,,True
82,CLN000082,1,Radiologist,Cardiology,GP Partner,F,White,0.72,2015-02-01,2019-08-18,False
83,CLN000083,1,Registrar,Cardiology,Band 5,F,White,0.96,2013-09-13,,True
84,CLN000084,1,Consultant,Radiology,Band 8a,F,White,0.78,2008-09-27,,True
85,CLN000085,1,Radiologist,Emergency Medicine,ST3,M,White,0.98,2019-08-22,2020-02-14,False
86,CLN000086,1,Physiotherapist,Physiotherapy,Band 8a,F,White,0.98,2009-12-05,,True
87,CLN000087,2,Radiologist,Mental Health,Consultant,F,White,0.87,2013-12-14,2022-06-09,False
88,CLN000088,2,Radiologist,Respiratory,Band 7,M,White,0.73,2016-10-08,,True
89,CLN000089,2,Radiologist,Respiratory,Band 5,F,White,0.47,2021-09-21,,True
90,CLN000090,2,Physiotherapist,General Medicine,ST3,M,Black,0.43,2021-03-03,2023-06-01,False
91,CLN000091,2,Radiologist,Radiology,Band 6,F,White,0.94,2018-08-19,,True
92,CLN000092,2,Staff Nurse,Physiotherapy,Band 8a,M,White,0.75,2013-06-11,,True
93,CLN000093,2,Staff Nurse,Physiotherapy,ST3,F,White,0.83,2010-06-22,2019-04-21,False
94,CLN000094,2,Staff Nurse,Radiology,Band 5,F,Other,0.82,2019-08-02,2021-03-14,False
95,CLN000095,2,Registrar,Cardiology,Band 5,F,White,0.41,2013-04-13,,True
96,CLN000096,2,Radiologist,Diabetes,Band 8a,M,Black,0.72,2014-12-08,2018-03-16,False
97,CLN000097,2,Registrar,Physiotherapy,ST3,F,White,0.75,2017-08-01,,True
98,CLN000098,2,Registrar,Respiratory,Band 7,F,Asian,0.57,2008-07-07,,True
99,CLN000099,2,Physiotherapist,Primary Care,Band 8a,F,Other,0.8,2011-10-19,,True
100,CLN000100,2,Radiologist,Emergency Medicine,Band 6,F,White,0.79,2012-12-22,,True
101,CLN000101,2,Staff Nurse,Cardiology,Band 5,M,White,0.42,2008-03-16,,True
102,CLN000102,2,Consultant,Respiratory,Band 8a,F,White,0.47,2017-05-21,,True
103,CLN000103,2,Consultant,Emergency Medicine,Band 6,F,White,0.65,2010-01-08,2012-02-01,False
104,CLN000104,2,Consultant,Radiology,Band 6,F,White,0.87,2015-06-23,,True
105,CLN000105,2,Registrar,Diabetes,Consultant,F,White,0.54,2011-09-09,2017-01-14,False
106,CLN000106,2,Staff Nurse,Physiotherapy,Consultant,F,White,0.48,2008-12-03,,True
107,CLN000107,2,Consultant,Physiotherapy,Band 5,F,White,0.54,2009-07-07,,True
108,CLN000108,2,Staff Nurse,Emergency Medicine,Band 5,M,White,0.5,2021-10-27,,True
109,CLN000109,2,Radiologist,Respiratory,ST3,F,White,0.99,2009-05-20,,True
110,CLN000110,2,Radiologist,Radiology,GP Partner,M,White,0.65,2017-04-23,,True
111,CLN000111,2,Consultant,Mental Health,Band 7,F,White,0.84,2020-09-09,,True
112,CLN000112,2,Physiotherapist,Cardiology,ST3,F,White,0.49,2018-09-02,,True
113,CLN000113,2,Consultant,Cardiology,ST3,F,White,1.0,2016-08-11,2017-02-24,False
114,CLN000114,2,Staff Nurse,Radiology,Band 6,F,White,0.76,2017-02-08,,True
115,CLN000115,2,Radiologist,Physiotherapy,Band 6,F,White,0.92,2008-11-07,,True
116,CLN000116,2,Consultant,Radiology,Band 8a,M,White,0.74,2013-04-21,2015-06-25,False
117,CLN000117,2,Staff Nurse,Geriatrics,Band 5,M,White,0.64,2022-02-21,,True
118,CLN000118,2,Radiologist,Cardiology,Consultant,F,Other,0.51,2018-03-25,2023-03-06,False
119,CLN000119,2,Registrar,Emergency Medicine,ST3,M,White,0.71,2019-02-21,,True
120,CLN000120,2,Staff Nurse,Mental Health,ST3,F,Asian,0.92,2016-11-22,,True
121,CLN000121,2,Consultant,Respiratory,Band 8a,F,Other,0.63,2019-10-20,2022-05-17,False
122,CLN000122,2,Registrar,Diabetes,Consultant,F,White,0.76,2016-12-14,,True
123,CLN000123,2,Staff Nurse,Diabetes,Band 7,F,White,0.5,2012-09-02,2016-09-07,False
124,CLN000124,2,Consultant,General Medicine,Band 8a,M,White,0.52,2019-12-06,,True
125,CLN000125,2,Consultant,Emergency Medicine,Band 8a,F,White,0.98,2011-03-18,,True
126,CLN000126,2,Radiologist,Cardiology,Band 6,F,Black,0.93,2011-10-25,2019-12-10,False
127,CLN000127,2,Radiologist,Radiology,Band 5,F,White,0.73,2014-02-23,,True
128,CLN000128,2,Radiologist,Emergency Medicine,Band 8a,F,White,0.5,2009-11-11,,True
129,CLN000129,2,Staff Nurse,Mental Health,Band 7,F,White,0.86,2008-10-02,2012-05-04,False
130,CLN000130,2,Registrar,Physiotherapy,GP Partner,F,Asian,0.51,2009-08-12,,True
131,CLN000131,2,Consultant,Respiratory,ST3,M,Asian,0.6,2018-07-15,,True
132,CLN000132,2,Registrar,Respiratory,Band 7,M,Asian,0.87,2010-04-14,,True
133,CLN000133,2,Staff Nurse,Radiology,Band 7,F,White,0.48,2016-03-26,,True
134,CLN000134,2,Radiologist,Geriatrics,Band 6,F,White,0.55,2010-11-01,,True
135,CLN000135,2,Consultant,Geriatrics,Band 5,M,White,0.64,2012-07-15,,True
136,CLN000136,2,Radiologist,Geriatrics,Band 5,M,White,0.49,2020-10-25,,True
137,CLN000137,2,Staff Nurse,General Medicine,ST3,M,White,0.85,2013-08-22,,True
138,CLN000138,2,Registrar,Geriatrics,Band 8a,M,White,1.0,2014-04-08,,True
139,CLN000139,2,Registrar,Emergency Medicine,GP Partner,F,White,0.64,2009-02-25,,True
140,CLN000140,2,Staff Nurse,Mental Health,GP Partner,M,White,0.68,2014-08-26,,True
141,CLN000141,2,Staff Nurse,Cardiology,Band 5,M,White,0.67,2018-04-25,,True
142,CLN000142,2,Registrar,Geriatrics,Band 8a,M,White,0.97,2015-09-10,,True
143,CLN000143,2,Registrar,Emergency Medicine,ST3,M,White,0.94,2016-04-12,,True
144,CLN000144,2,Staff Nurse,Diabetes,Consultant,F,White,0.46,2014-04-19,,True
145,CLN000145,2,Physiotherapist,Primary Care,Band 7,F,White,0.87,2008-12-24,,True
146,CLN000146,2,Radiologist,Primary Care,Band 6,F,White,0.57,2009-04-19,2020-03-26,False
147,CLN000147,2,Staff Nurse,Radiology,Consultant,M,White,0.55,2012-08-02,2016-07-11,False
148,CLN000148,2,Staff Nurse,Primary Care,Band 8a,F,Asian,0.77,2008-05-12,2021-11-09,False
149,CLN000149,2,Registrar,Physiotherapy,Band 8a,F,White,0.6,2020-03-11,2023-04-23,False
150,CLN000150,2,Radiologist,Geriatrics,Band 5,M,Black,0.69,2019-08-13,,True
151,CLN000151,2,Physiotherapist,Primary Care,Consultant,F,White,0.65,2012-04-06,,True
152,CLN000152,2,Registrar,Physiotherapy,Band 8a,F,White,0.88,2010-02-23,,True
153,CLN000153,2,Physiotherapist,Mental Health,Consultant,F,Other,0.52,2009-12-05,,True
154,CLN000154,2,Staff Nurse,Primary Care,ST3,M,White,0.48,2021-08-22,,True
155,CLN000155,2,Staff Nurse,Physiotherapy,Band 6,F,Asian,0.51,2017-02-12,,True
156,CLN000156,2,Registrar,Radiology,Band 7,M,Other,1.0,2018-01-14,,True
157,CLN000157,2,Physiotherapist,Mental Health,Band 5,F,White,0.65,2022-03-02,,True
158,CLN000158,2,Physiotherapist,Diabetes,Band 7,M,Asian,0.65,2019-05-09,,True
159,CLN000159,2,Physiotherapist,Physiotherapy,Band 6,M,White,0.93,2015-11-03,,True
160,CLN000160,2,Registrar,Radiology,Band 6,F,White,0.66,2009-11-21,,True
161,CLN000161,2,Registrar,Primary Care,GP Partner,F,White,0.92,2020-04-23,,True
162,CLN000162,2,Staff Nurse,Physiotherapy,Band 5,F,White,0.55,2009-04-21,,True
163,CLN000163,2,Staff Nurse,Mental Health,GP Partner,F,White,0.53,2014-08-21,,True
164,CLN000164,2,Physiotherapist,General Medicine,Band 7,F,Asian,0.64,2010-09-27,,True
165,CLN000165,2,Radiologist,Primary Care,Band 6,F,Asian,0.99,2014-12-24,,True
166,CLN000166,2,Physiotherapist,Respiratory,Band 8a,F,White,0.74,2017-09-15,,True
167,CLN000167,2,Registrar,Mental Health,Band 8a,F,White,0.69,2008-08-08,,True
168,CLN000168,2,Registrar,Mental Health,Band 5,F,White,0.56,2020-02-15,,True
169,CLN000169,2,Staff Nurse,Radiology,Consultant,F,White,0.53,2018-08-25,,True
170,CLN000170,2,Physiotherapist,Cardiology,GP Partner,F,White,0.96,2021-06-02,,True
171,CLN000171,2,Staff Nurse,Radiology,Band 8a,M,White,0.46,2010-05-06,,True
172,CLN000172,2,Staff Nurse,Cardiology,Band 5,M,White,0.62,2010-03-02,,True
173,CLN000173,2,Registrar,Respiratory,ST3,F,Asian,0.96,2017-09-03,,True
174,CLN000174,2,Consultant,Cardiology,Band 8a,F,Asian,0.85,2017-02-23,,True
175,CLN000175,2,Consultant,Geriatrics,Band 8a,F,White,0.97,2008-02-16,,True
176,CLN000176,2,Radiologist,Cardiology,GP Partner,F,White,0.98,2022-12-11,,True
177,CLN000177,2,Physiotherapist,Radiology,Band 8a,F,White,0.46,2009-10-24,,True
178,CLN000178,2,Staff Nurse,Diabetes,Consultant,F,White,0.96,2014-10-26,,True
179,CLN000179,2,Physiotherapist,Diabetes,Band 6,F,White,0.8,2014-05-15,,True
180,CLN000180,2,Radiologist,Diabetes,Band 5,F,White,0.83,2013-12-11,,True
181,CLN000181,2,Physiotherapist,Radiology,GP Partner,F,Asian,0.96,2019-03-17,,True
182,CLN000182,2,Radiologist,General Medicine,Consultant,F,Mixed,0.75,2022-12-01,,True
183,CLN000183,2,Radiologist,Primary Care,ST3,F,White,0.91,2016-03-14,,True
184,CLN000184,2,Staff Nurse,General Medicine,Band 8a,F,Asian,0.62,2019-11-16,,True
185,CLN000185,2,Physiotherapist,Cardiology,Band 8a,F,White,0.98,2019-01-27,2023-03-26,False
186,CLN000186,2,Staff Nurse,Geriatrics,ST3,F,White,0.89,2015-06-07,2020-09-17,False
187,CLN000187,3,Staff Nurse,Geriatrics,Band 7,F,White,0.88,2011-11-02,,True
188,CLN000188,3,Registrar,Mental Health,ST3,F,White,0.68,2014-09-16,,True
189,CLN000189,3,Consultant,Cardiology,Band 7,M,White,0.68,2022-07-26,,True
190,CLN000190,3,Registrar,Radiology,Band 6,F,White,0.97,2010-05-07,2021-03-03,False
191,CLN000191,3,Staff Nurse,Primary Care,ST3,M,White,0.66,2021-05-01,,True
192,CLN000192,3,Registrar,Geriatrics,Band 8a,F,White,0.58,2022-07-25,,True
193,CLN000193,3,Registrar,Geriatrics,GP Partner,F,White,0.9,2020-12-05,,True
194,CLN000194,3,Consultant,Geriatrics,ST3,F,White,0.44,2016-03-27,,True
195,CLN000195,3,Physiotherapist,Cardiology,Band 8a,M,White,0.92,2012-02-20,,True
196,CLN000196,3,Consultant,Geriatrics,Consultant,M,White,0.88,2020-04-15,,True
197,CLN000197,3,Radiologist,Physiotherapy,Band 6,M,White,0.67,2022-11-11,,True
198,CLN000198,3,Consultant,Diabetes,Band 5,F,Black,0.67,2009-03-26,,True
199,CLN000199,3,Consultant,General Medicine,Band 7,F,Other,0.53,2010-05-14,2022-12-02,False
200,CLN000200,3,Registrar,Radiology,Band 5,F,White,0.52,2010-07-10,,True
201,CLN000201,3,Radiologist,Primary Care,Consultant,F,Black,0.77,2017-11-17,,True
202,CLN000202,3,Radiologist,Cardiology,Band 5,F,White,0.97,2020-05-09,,True
203,CLN000203,3,Physiotherapist,Emergency Medicine,Band 6,F,White,0.8,2010-06-22,,True
204,CLN000204,3,Registrar,Geriatrics,Band 6,M,White,0.46,2016-06-15,,True
205,CLN000205,3,Staff Nurse,Geriatrics,Band 8a,M,White,0.69,2021-06-27,,True
206,CLN000206,3,Consultant,Respiratory,Band 6,M,White,0.99,2008-06-14,,True
207,CLN000207,3,Radiologist,Mental Health,Band 5,M,White,0.87,2021-06-13,2023-10-18,False
208,CLN000208,3,Registrar,Diabetes,Band 8a,M,Other,0.62,2017-08-12,,True
209,CLN000209,3,Registrar,Radiology,Band 5,F,White,0.85,2019-05-04,,True
210,CLN000210,3,Registrar,Primary Care,Band 5,M,White,0.47,2019-02-26,,True
211,CLN000211,3,Registrar,Cardiology,Band 7,F,Asian,0.86,2012-03-20,,True
212,CLN000212,3,Physiotherapist,Diabetes,GP Partner,F,White,0.58,2015-05-04,,True
213,CLN000213,3,Radiologist,Mental Health,Band 6,F,Black,0.85,2009-02-23,,True
214,CLN000214,3,Staff Nurse,Physiotherapy,Band 6,F,White,0.68,2011-05-11,,True
215,CLN000215,3,Radiologist,Mental Health,Band 6,F,White,0.66,2012-09-09,,True
216,CLN000216,3,Radiologist,Respiratory,Band 8a,M,White,0.79,2019-01-24,2021-08-12,False
217,CLN000217,3,Radiologist,Physiotherapy,ST3,M,White,0.45,2018-01-16,,True
218,CLN000218,3,Staff Nurse,Emergency Medicine,Band 7,F,White,0.9,2022-02-20,,True
219,CLN000219,3,Registrar,General Medicine,GP Partner,M,Asian,0.93,2010-04-04,,True
220,CLN000220,3,Staff Nurse,Physiotherapy,Consultant,M,White,0.73,2017-04-06,,True
221,CLN000221,3,Consultant,Mental Health,Band 5,M,White,0.9,2008-09-19,,True
222,CLN000222,3,Consultant,Respiratory,GP Partner,F,Asian,0.48,2012-09-27,,True
223,CLN000223,3,Radiologist,Geriatrics,Band 6,M,White,0.66,2022-06-19,,True
224,CLN000224,3,Registrar,Primary Care,GP Partner,F,Asian,0.53,2018-01-16,2021-11-02,False
225,CLN000225,3,Registrar,Respiratory,ST3,M,White,0.64,2015-05-21,,True
226,CLN000226,3,Registrar,Cardiology,Band 6,F,White,0.92,2010-07-18,,True
227,CLN000227,3,Consultant,Geriatrics,Band 6,F,Mixed,0.55,2014-12-20,,True
228,CLN000228,3,Radiologist,General Medicine,Band 7,F,White,0.68,2015-03-08,,True
229,CLN000229,3,Registrar,Geriatrics,Band 8a,F,White,0.55,2020-04-04,2022-05-26,False
230,CLN000230,3,Registrar,Emergency Medicine,GP Partner,F,White,0.5,2019-08-12,,True
231,CLN000231,3,Physiotherapist,Diabetes,ST3,M,Asian,0.54,2015-01-24,,True
232,CLN000232,3,Radiologist,General Medicine,Consultant,M,White,0.87,2010-12-03,,True
233,CLN000233,3,Physiotherapist,General Medicine,ST3,F,White,0.89,2010-09-17,,True
234,CLN000234,3,Registrar,Geriatrics,Band 6,F,White,0.75,2020-05-23,2023-10-07,False
235,CLN000235,3,Physiotherapist,Mental Health,Band 7,F,White,0.88,2018-06-26,,True
236,CLN000236,3,Radiologist,Geriatrics,Band 6,F,White,0.68,2022-01-27,,True
237,CLN000237,3,Staff Nurse,Emergency Medicine,Consultant,F,Black,0.63,2021-08-27,2023-04-07,False
238,CLN000238,3,Physiotherapist,Respiratory,Band 7,M,White,0.9,2022-01-13,,True
239,CLN000239,3,Registrar,Diabetes,Band 8a,F,White,0.61,2020-11-21,,True
240,CLN000240,3,Consultant,Emergency Medicine,ST3,F,White,0.55,2015-11-07,2021-04-06,False
241,CLN000241,3,Staff Nurse,Radiology,Band 7,F,White,0.42,2019-05-26,,True
242,CLN000242,3,Consultant,Primary Care,Band 7,F,White,0.67,2019-01-18,,True
243,CLN000243,3,Consultant,Physiotherapy,GP Partner,F,White,0.48,2020-04-27,2023-12-23,False
244,CLN000244,3,Registrar,Physiotherapy,Band 6,F,White,0.47,2013-01-02,,True
245,CLN000245,3,Radiologist,General Medicine,Band 5,M,White,0.86,2008-08-12,,True
246,CLN000246,3,Radiologist,Emergency Medicine,Band 8a,M,White,0.61,2010-06-02,,True
247,CLN000247,3,Consultant,Mental Health,Band 6,F,White,0.91,2018-04-26,2022-11-03,False
248,CLN000248,3,Radiologist,Mental Health,Band 6,F,White,0.95,2012-02-08,,True
249,CLN000249,3,Registrar,Respiratory,Band 7,M,White,0.77,2016-12-04,,True
250,CLN000250,3,Physiotherapist,Primary Care,Band 8a,F,White,0.65,2018-06-03,,True
251,CLN000251,3,Registrar,Emergency Medicine,GP Partner,F,Asian,0.73,2019-01-21,,True
252,CLN000252,3,Staff Nurse,Emergency Medicine,Band 5,M,White,0.72,2017-08-17,,True
253,CLN000253,3,Consultant,General Medicine,Band 7,F,Mixed,0.7,2015-07-13,2020-06-16,False
254,CLN000254,3,Consultant,Emergency Medicine,Band 6,F,White,0.66,2013-10-15,,True
255,CLN000255,3,Physiotherapist,Respiratory,Band 8a,F,Mixed,0.5,2014-08-06,,True
256,CLN000256,3,Registrar,Diabetes,Band 7,M,White,0.94,2022-07-05,,True
257,CLN000257,3,Physiotherapist,Diabetes,ST3,F,White,0.55,2018-04-18,2021-01-27,False
258,CLN000258,3,Consultant,Radiology,Band 7,M,Mixed,0.52,2017-05-15,,True
259,CLN000259,3,Registrar,Diabetes,ST3,M,Other,0.94,2014-07-22,,True
260,CLN000260,3,Consultant,Diabetes,Consultant,F,White,0.78,2016-05-12,,True
261,CLN000261,3,Radiologist,Diabetes,Band 7,F,White,0.91,2012-12-13,,True
262,CLN000262,3,Consultant,Mental Health,ST3,F,White,0.51,2016-04-18,,True
263,CLN000263,3,Physiotherapist,General Medicine,Band 5,F,White,0.91,2008-02-05,,True
264,CLN000264,3,Registrar,Emergency Medicine,Consultant,F,Black,0.94,2014-02-01,,True
265,CLN000265,3,Staff Nurse,Geriatrics,Band 7,F,White,0.8,2016-02-20,,True
266,CLN000266,3,Radiologist,Geriatrics,ST3,F,White,0.62,2015-09-07,,True
267,CLN000267,3,Consultant,Diabetes,Band 8a,F,White,0.79,2018-03-17,,True
268,CLN000268,3,Staff Nurse,Physiotherapy,Band 6,F,White,0.76,2018-09-07,,True
269,CLN000269,3,Radiologist,Respiratory,Consultant,F,White,0.89,2014-07-25,,True
270,CLN000270,3,Physiotherapist,Geriatrics,Band 8a,M,Mixed,0.41,2008-11-21,2011-11-07,False
271,CLN000271,3,Radiologist,Cardiology,Band 8a,F,Asian,0.77,2022-08-13,,True
272,CLN000272,3,Staff Nurse,Radiology,Band 6,M,White,0.84,2010-11-15,,True
273,CLN000273,3,Staff Nurse,Radiology,Band 7,M,White,0.62,2022-03-11,,True
274,CLN000274,3,Registrar,Radiology,ST3,M,White,0.92,2017-05-06,,True
275,CLN000275,3,Radiologist,Radiology,Consultant,M,White,0.82,2017-12-15,,True
276,CLN000276,3,Consultant,Primary Care,Consultant,F,White,0.69,2019-10-04,,True
277,CLN000277,3,Registrar,General Medicine,GP Partner,F,Asian,0.67,2020-12-07,,True
278,CLN000278,3,Physiotherapist,Diabetes,ST3,F,White,0.49,2010-09-04,,True
279,CLN000279,3,Consultant,Emergency Medicine,Band 5,F,White,0.71,2012-04-12,,True
280,CLN000280,3,Consultant,Diabetes,Band 7,M,White,0.41,2014-03-10,,True
281,CLN000281,3,Staff Nurse,Mental Health,GP Partner,F,White,0.76,2010-01-18,,True
282,CLN000282,3,Staff Nurse,Physiotherapy,Band 7,F,Black,0.97,2012-01-27,,True
283,CLN000283,3,Physiotherapist,Geriatrics,Band 6,M,White,0.96,2022-12-20,,True
284,CLN000284,3,Consultant,Geriatrics,Band 8a,F,White,0.99,2010-01-03,,True
285,CLN000285,3,Staff Nurse,Radiology,Band 7,F,Other,0.68,2008-02-06,2009-12-08,False
286,CLN000286,3,Physiotherapist,Radiology,Band 5,F,Mixed,0.7,2009-12-27,,True
287,CLN000287,3,Radiologist,Radiology,GP Partner,F,White,0.91,2020-11-11,,True
288,CLN000288,3,Radiologist,Geriatrics,Band 6,F,White,0.64,2010-07-06,,True
289,CLN000289,3,Staff Nurse,Cardiology,Band 8a,F,White,0.61,2018-04-20,,True
290,CLN000290,3,Physiotherapist,Diabetes,Band 5,F,White,0.94,2020-06-10,,True
291,CLN000291,3,Staff Nurse,Emergency Medicine,Band 8a,F,White,0.48,2009-04-22,2013-08-05,False
292,CLN000292,3,Physiotherapist,Emergency Medicine,Consultant,M,White,0.5,2009-07-23,,True
293,CLN000293,3,Staff Nurse,Emergency Medicine,Consultant,F,Mixed,0.56,2011-01-26,,True
294,CLN000294,3,Consultant,Diabetes,Band 6,F,White,0.52,2021-05-12,,True
295,CLN000295,3,Registrar,Diabetes,Band 7,F,White,0.52,2012-10-17,2023-01-14,False
296,CLN000296,3,Physiotherapist,Radiology,ST3,M,Black,0.91,2012-06-25,,True
297,CLN000297,3,Consultant,Mental Health,Consultant,F,Mixed,0.46,2020-12-27,,True
298,CLN000298,3,Consultant,General Medicine,Band 6,F,Black,0.88,2017-10-17,2020-02-21,False
299,CLN000299,3,Registrar,Geriatrics,Band 7,F,White,0.56,2022-05-23,2023-06-05,False
300,CLN000300,3,Registrar,Physiotherapy,ST3,F,White,0.7,2008-06-13,,True
301,CLN000301,3,Registrar,General Medicine,Band 6,F,White,0.65,2015-10-27,2018-01-22,False
302,CLN000302,3,Staff Nurse,Geriatrics,Consultant,F,White,0.5,2020-03-23,,True
303,CLN000303,3,Registrar,Respiratory,Band 6,F,White,0.83,2021-04-02,,True
304,CLN000304,3,Consultant,Physiotherapy,Band 5,F,White,0.8,2009-05-04,2013-11-07,False
305,CLN000305,3,Consultant,Respiratory,Band 7,F,White,0.67,2015-02-20,2016-10-13,False
306,CLN000306,3,Registrar,Physiotherapy,Band 6,M,White,0.47,2015-08-26,2018-04-09,False
307,CLN000307,3,Registrar,Primary Care,Band 8a,F,White,0.94,2020-04-13,,True
308,CLN000308,3,Physiotherapist,Radiology,Band 5,M,White,0.79,2014-02-22,,True
309,CLN000309,3,Radiologist,Emergency Medicine,ST3,F,White,0.62,2021-07-13,,True
310,CLN000310,3,Registrar,Emergency Medicine,Band 7,F,White,0.52,2018-04-09,,True
311,CLN000311,3,Physiotherapist,Respiratory,Band 7,F,Black,0.63,2012-08-08,,True
312,CLN000312,3,Radiologist,Cardiology,ST3,M,White,0.66,2022-09-15,,True
313,CLN000313,3,Radiologist,General Medicine,Band 5,F,White,0.85,2008-07-03,2019-08-17,False
314,CLN000314,3,Radiologist,Primary Care,Band 8a,M,Asian,0.42,2019-02-16,,True
315,CLN000315,3,Consultant,Physiotherapy,GP Partner,F,White,0.6,2017-09-20,,True
316,CLN000316,3,Physiotherapist,General Medicine,Band 8a,M,White,0.58,2021-03-27,,True
317,CLN000317,3,Staff Nurse,Primary Care,Band 6,F,White,0.84,2012-08-02,,True
318,CLN000318,3,Radiologist,Mental Health,ST3,M,White,0.69,2022-11-12,,True
319,CLN000319,3,Physiotherapist,Radiology,Band 8a,F,Asian,1.0,2014-10-03,,True
320,CLN000320,3,Consultant,Cardiology,GP Partner,F,White,0.86,2013-10-14,2022-01-26,False
321,CLN000321,3,Consultant,General Medicine,Band 7,F,White,0.99,2012-03-04,,True
322,CLN000322,3,Consultant,Emergency Medicine,Band 8a,F,White,0.9,2012-02-20,,True
323,CLN000323,3,Staff Nurse,Respiratory,ST3,F,White,0.44,2012-03-19,,True
324,CLN000324,3,Consultant,Geriatrics,Band 7,M,White,0.92,2018-11-03,,True
325,CLN000325,3,Consultant,Physiotherapy,Band 5,M,White,0.73,2019-06-08,,True
326,CLN000326,3,Physiotherapist,General Medicine,Band 8a,M,White,0.9,2022-01-08,2023-06-04,False
327,CLN000327,3,Physiotherapist,Geriatrics,Consultant,F,White,0.62,2013-07-08,,True
328,CLN000328,3,Staff Nurse,Primary Care,Band 7,F,White,0.49,2020-11-06,,True
329,CLN000329,3,Physiotherapist,Emergency Medicine,Consultant,M,White,0.49,2016-01-04,,True
330,CLN000330,4,Consultant,Geriatrics,Band 6,M,White,0.76,2008-05-21,,True
331,CLN000331,4,Staff Nurse,General Medicine,Band 7,M,White,0.51,2016-07-04,,True
332,CLN000332,4,Physiotherapist,Radiology,Band 6,M,Asian,0.88,2019-03-07,,True
333,CLN000333,4,Physiotherapist,Respiratory,ST3,M,White,0.98,2012-06-12,,True
334,CLN000334,4,Radiologist,Emergency Medicine,Band 7,F,White,0.44,2009-11-26,,True
335,CLN000335,4,Consultant,Cardiology,GP Partner,F,Asian,0.84,2019-02-02,,True
336,CLN000336,4,Radiologist,Primary Care,Band 6,M,White,0.75,2019-06-09,,True
337,CLN000337,4,Consultant,Geriatrics,Band 5,M,White,0.85,2016-05-27,,True
338,CLN000338,4,Consultant,Respiratory,Consultant,F,White,0.43,2016-06-11,,True
339,CLN000339,4,Physiotherapist,Radiology,Band 7,M,White,0.87,2017-10-17,,True
340,CLN000340,4,Consultant,Primary Care,GP Partner,F,White,0.92,2009-07-19,,True
341,CLN000341,4,Registrar,Radiology,Band 6,M,Asian,0.76,2011-12-16,,True
342,CLN000342,4,Physiotherapist,Emergency Medicine,GP Partner,M,White,0.62,2020-04-02,,True
343,CLN000343,4,Registrar,Cardiology,Band 6,M,White,0.54,2013-12-03,,True
344,CLN000344,4,Consultant,Physiotherapy,GP Partner,M,Black,0.47,2013-12-17,2015-05-06,False
345,CLN000345,4,Consultant,Geriatrics,ST3,M,White,0.73,2017-03-21,,True
346,CLN000346,4,Radiologist,Cardiology,Band 5,M,Mixed,0.9,2018-04-23,2019-08-26,False
347,CLN000347,4,Consultant,Radiology,GP Partner,F,White,0.47,2017-04-03,,True
348,CLN000348,4,Registrar,Physiotherapy,Band 7,F,White,0.53,2010-05-05,,True
349,CLN000349,4,Radiologist,Diabetes,GP Partner,M,White,0.95,2017-01-25,,True
350,CLN000350,4,Registrar,Primary Care,Band 8a,M,White,0.41,2017-01-26,,True
351,CLN000351,4,Consultant,Mental Health,Band 6,F,White,0.7,2013-01-12,,True
352,CLN000352,4,Radiologist,Respiratory,Band 5,F,Other,0.5,2015-08-09,,True
353,CLN000353,4,Staff Nurse,Radiology,Band 6,M,Mixed,0.57,2015-07-19,,True
354,CLN000354,4,Registrar,Respiratory,Band 6,F,White,0.81,2014-02-21,,True
355,CLN000355,4,Physiotherapist,Primary Care,Band 7,F,White,0.79,2013-01-27,,True
356,CLN000356,4,Physiotherapist,Radiology,Consultant,M,White,0.77,2019-04-19,2023-02-04,False
357,CLN000357,4,Radiologist,Diabetes,Band 5,M,White,0.52,2013-01-17,,True
358,CLN000358,4,Staff Nurse,Respiratory,Band 6,F,White,0.86,2017-11-22,,True
359,CLN000359,4,Physiotherapist,Physiotherapy,Band 7,M,White,0.64,2022-12-16,,True
360,CLN000360,4,Radiologist,Physiotherapy,Consultant,F,Black,0.42,2009-02-13,,True
361,CLN000361,4,Physiotherapist,Mental Health,Consultant,F,Asian,0.89,2015-06-09,,True
362,CLN000362,4,Physiotherapist,Cardiology,Band 8a,F,Asian,0.89,2021-11-10,2023-05-07,False
363,CLN000363,4,Staff Nurse,Geriatrics,ST3,F,White,0.61,2016-01-08,,True
364,CLN000364,4,Radiologist,General Medicine,Consultant,M,White,0.71,2015-03-12,,True
365,CLN000365,4,Physiotherapist,Respiratory,Band 6,F,White,0.86,2020-12-16,2021-04-23,False
366,CLN000366,4,Radiologist,Diabetes,GP Partner,M,White,0.91,2009-12-05,,True
367,CLN000367,4,Staff Nurse,Diabetes,GP Partner,F,Mixed,0.64,2014-07-15,,True
368,CLN000368,4,Consultant,Diabetes,GP Partner,F,White,0.55,2010-06-16,2021-08-02,False
369,CLN000369,4,Physiotherapist,Radiology,Band 7,M,White,0.64,2015-06-13,,True
370,CLN000370,4,Registrar,Radiology,Band 5,M,White,0.6,2015-08-22,2018-02-03,False
371,CLN000371,4,Staff Nurse,Primary Care,Band 6,M,White,0.8,2010-04-14,2017-05-11,False
372,CLN000372,4,Consultant,Physiotherapy,Band 6,M,White,0.89,2022-07-01,,True
373,CLN000373,4,Radiologist,Physiotherapy,GP Partner,F,White,0.89,2018-07-20,,True
374,CLN000374,4,Staff Nurse,Physiotherapy,Band 7,F,White,0.98,2011-01-07,,True
375,CLN000375,4,Radiologist,Cardiology,Band 5,F,White,0.99,2020-05-01,,True
376,CLN000376,4,Staff Nurse,Radiology,ST3,F,White,0.5,2020-04-21,,True
377,CLN000377,4,Registrar,Cardiology,Band 6,M,White,0.58,2013-03-15,,True
378,CLN000378,4,Staff Nurse,Respiratory,Consultant,F,White,0.82,2014-02-16,,True
379,CLN000379,4,Registrar,Physiotherapy,Band 8a,M,White,0.87,2010-03-06,,True
380,CLN000380,4,Physiotherapist,Emergency Medicine,ST3,F,White,0.9,2008-02-03,2015-10-25,False
381,CLN000381,4,Radiologist,Radiology,Consultant,M,White,0.79,2019-12-17,,True
382,CLN000382,4,Consultant,General Medicine,Band 5,M,White,0.81,2008-11-23,,True
383,CLN000383,4,Radiologist,Respiratory,GP Partner,M,White,0.85,2017-05-18,,True
384,CLN000384,4,Physiotherapist,Cardiology,Band 6,F,White,0.46,2009-08-06,,True
385,CLN000385,4,Registrar,Mental Health,Consultant,M,White,0.96,2014-05-15,,True
386,CLN000386,4,Radiologist,Emergency Medicine,GP Partner,M,Asian,0.75,2015-08-23,,True
387,CLN000387,4,Registrar,Mental Health,GP Partner,M,White,0.44,2014-08-17,,True
388,CLN000388,4,Consultant,Primary Care,Band 7,M,White,0.5,2008-01-06,,True
389,CLN000389,4,Radiologist,Emergency Medicine,Band 5,F,White,0.57,2019-08-07,2021-10-08,False
390,CLN000390,4,Physiotherapist,Primary Care,Consultant,M,Other,0.84,2008-01-13,,True
391,CLN000391,4,Radiologist,Physiotherapy,Band 8a,F,White,0.68,2019-03-23,,True
392,CLN000392,4,Registrar,Primary Care,ST3,F,White,0.43,2017-03-22,,True
393,CLN000393,4,Staff Nurse,Emergency Medicine,GP Partner,F,White,0.54,2011-08-02,,True
394,CLN000394,4,Physiotherapist,Diabetes,Consultant,F,Black,0.59,2013-07-21,2018-08-26,False
395,CLN000395,4,Staff Nurse,Cardiology,GP Partner,F,White,0.72,2011-04-15,,True
396,CLN000396,4,Consultant,Physiotherapy,Band 5,F,White,0.96,2011-01-21,,True
397,CLN000397,4,Physiotherapist,General Medicine,Band 5,F,White,0.53,2009-04-04,,True
398,CLN000398,4,Staff Nurse,Radiology,Band 5,F,White,0.73,2012-04-13,,True
399,CLN000399,4,Staff Nurse,Emergency Medicine,Band 5,M,White,0.48,2010-02-24,,True
400,CLN000400,4,Radiologist,Primary Care,Consultant,M,White,0.98,2014-03-24,,True
401,CLN000401,4,Physiotherapist,Cardiology,Band 7,M,White,1.0,2015-05-19,2021-08-02,False
402,CLN000402,4,Staff Nurse,Geriatrics,Band 7,M,White,0.72,2016-02-19,,True
403,CLN000403,4,Registrar,Cardiology,GP Partner,M,White,0.83,2011-10-27,,True
404,CLN000404,4,Radiologist,Cardiology,Band 5,F,White,0.81,2018-05-16,,True
405,CLN000405,4,Registrar,Primary Care,Band 8a,F,White,0.93,2016-12-19,,True
406,CLN000406,4,Physiotherapist,Diabetes,Consultant,F,White,0.99,2009-11-07,,True
407,CLN000407,4,Radiologist,Cardiology,Consultant,F,White,0.88,2012-01-26,2023-02-03,False
408,CLN000408,4,Physiotherapist,Cardiology,Band 6,M,White,0.6,2018-02-15,,True
409,CLN000409,4,Consultant,Primary Care,ST3,M,Other,0.46,2019-08-04,,True
410,CLN000410,4,Registrar,Diabetes,Band 7,F,White,0.51,2011-06-06,,True
411,CLN000411,4,Physiotherapist,Respiratory,ST3,F,Black,0.79,2018-09-06,2022-03-17,False
412,CLN000412,4,Radiologist,Respiratory,GP Partner,M,White,0.54,2009-06-02,,True
413,CLN000413,5,GP Partner,Respiratory,Consultant,M,Asian,0.59,2021-07-24,,True
414,CLN000414,5,Practice Nurse,Physiotherapy,Consultant,F,Other,0.46,2017-10-18,,True
415,CLN000415,5,Practice Nurse,Respiratory,GP Partner,F,Black,0.75,2016-02-09,,True
416,CLN000416,5,GP Partner,Respiratory,Band 7,M,Black,0.82,2015-04-24,2021-03-03,False
417,CLN000417,5,Practice Nurse,Diabetes,Band 8a,F,White,0.68,2011-02-16,,True
418,CLN000418,5,Salaried GP,Cardiology,Band 7,M,White,0.63,2012-06-22,,True
419,CLN000419,5,Salaried GP,Respiratory,Band 7,M,White,0.77,2011-11-01,,True
420,CLN000420,5,Practice Nurse,Primary Care,ST3,M,Black,0.67,2013-05-21,2015-06-09,False
421,CLN000421,5,Practice Nurse,Primary Care,ST3,F,Asian,0.46,2020-08-01,,True
422,CLN000422,5,Healthcare Assistant,Physiotherapy,Band 8a,M,White,0.53,2015-04-07,,True
423,CLN000423,5,Practice Nurse,Cardiology,Band 6,M,White,0.67,2021-05-18,,True
424,CLN000424,5,GP Partner,General Medicine,Band 8a,F,Other,0.89,2016-09-03,2023-08-10,False
425,CLN000425,5,GP Partner,Primary Care,Band 5,F,White,0.47,2017-03-18,,True
426,CLN000426,5,Healthcare Assistant,Mental Health,Band 8a,F,White,0.73,2012-10-25,2014-11-05,False
427,CLN000427,5,Healthcare Assistant,Diabetes,ST3,F,White,0.45,2012-05-17,,True
428,CLN000428,5,Salaried GP,Geriatrics,ST3,F,Mixed,0.86,2012-08-02,,True
429,CLN000429,5,Practice Nurse,Mental Health,Consultant,F,Mixed,0.58,2018-04-11,,True
430,CLN000430,5,Practice Nurse,General Medicine,Band 8a,M,White,0.8,2020-04-27,,True
431,CLN000431,5,Salaried GP,Geriatrics,Band 7,F,White,0.51,2018-03-08,,True
432,CLN000432,6,Practice Nurse,Primary Care,GP Partner,F,Asian,0.46,2022-09-02,,True
433,CLN000433,6,Practice Nurse,Mental Health,Band 8a,F,Black,0.63,2020-01-09,,True
434,CLN000434,6,Salaried GP,Geriatrics,Band 5,M,White,0.84,2008-01-20,2013-03-10,False
435,CLN000435,6,GP Partner,Cardiology,Consultant,F,White,0.51,2015-04-02,,True
436,CLN000436,6,GP Partner,Mental Health,ST3,F,Other,0.98,2022-02-02,,True
437,CLN000437,6,Practice Nurse,General Medicine,Consultant,F,White,0.45,2020-08-09,,True
438,CLN000438,6,Healthcare Assistant,Cardiology,Consultant,M,White,0.42,2009-11-20,,True
439,CLN000439,6,Salaried GP,General Medicine,Band 8a,M,White,0.69,2020-03-01,,True
440,CLN000440,6,GP Partner,Geriatrics,GP Partner,M,White,0.57,2012-03-17,,True
441,CLN000441,6,GP Partner,Emergency Medicine,Consultant,M,White,0.73,2016-02-16,2018-07-21,False
442,CLN000442,6,Salaried GP,Geriatrics,GP Partner,M,Mixed,0.65,2021-02-01,,True
443,CLN000443,6,GP Partner,Cardiology,ST3,F,White,0.87,2009-12-16,,True
444,CLN000444,6,Healthcare Assistant,Mental Health,Band 6,F,White,0.6,2013-11-08,,True
445,CLN000445,6,GP Partner,Mental Health,Band 7,F,Black,0.81,2018-06-06,,True
446,CLN000446,7,Salaried GP,Cardiology,Band 8a,F,White,0.46,2015-02-01,2017-03-08,False
447,CLN000447,7,GP Partner,Diabetes,GP Partner,M,White,0.95,2012-10-09,,True
448,CLN000448,7,Healthcare Assistant,Radiology,Band 7,M,Asian,0.68,2013-02-27,,True
449,CLN000449,7,Salaried GP,Respiratory,ST3,F,Black,0.46,2015-10-09,,True
450,CLN000450,7,GP Partner,General Medicine,Band 5,M,White,0.69,2009-11-10,,True
451,CLN000451,7,Salaried GP,Cardiology,ST3,M,White,0.98,2019-04-17,,True
452,CLN000452,7,Practice Nurse,Mental Health,Band 8a,M,White,0.72,2018-02-09,,True
453,CLN000453,7,Practice Nurse,Primary Care,Band 8a,F,White,0.51,2008-11-18,,True
454,CLN000454,7,GP Partner,Emergency Medicine,Band 5,F,White,0.83,2009-09-16,,True
455,CLN000455,7,GP Partner,Emergency Medicine,Band 5,M,White,0.69,2022-02-01,2023-06-09,False
456,CLN000456,7,Salaried GP,Respiratory,ST3,M,White,0.44,2022-03-01,,True
457,CLN000457,7,Salaried GP,General Medicine,Band 5,M,White,0.77,2022-06-08,,True
458,CLN000458,8,Practice Nurse,Physiotherapy,Band 5,F,White,0.41,2022-06-22,,True
459,CLN000459,8,Practice Nurse,Radiology,Consultant,M,White,0.91,2021-07-16,2022-06-08,False
460,CLN000460,8,Practice Nurse,General Medicine,Band 5,F,White,0.71,2011-07-24,,True
461,CLN000461,8,Healthcare Assistant,Radiology,Band 6,M,White,0.46,2013-09-14,,True
462,CLN000462,8,Healthcare Assistant,Mental Health,Band 5,M,White,0.42,2016-07-04,,True
463,CLN000463,8,GP Partner,Diabetes,Band 6,F,White,0.69,2015-07-19,,True
464,CLN000464,8,Healthcare Assistant,Diabetes,Band 6,F,White,0.59,2013-09-09,,True
465,CLN000465,8,Salaried GP,Primary Care,Band 7,F,Asian,0.42,2010-11-24,,True
466,CLN000466,8,Salaried GP,Radiology,GP Partner,F,Asian,0.67,2014-04-26,,True
467,CLN000467,8,GP Partner,Physiotherapy,Band 8a,F,White,0.81,2021-12-15,2023-06-04,False
468,CLN000468,9,Healthcare Assistant,Cardiology,Band 7,M,White,0.84,2018-11-26,,True
469,CLN000469,9,Practice Nurse,Cardiology,Band 5,M,White,0.9,2018-06-15,2019-11-23,False
470,CLN000470,9,Healthcare Assistant,Emergency Medicine,Band 8a,F,White,0.46,2019-08-27,,True
471,CLN000471,9,GP Partner,Radiology,Band 5,F,White,0.77,2008-10-20,2009-04-24,False
472,CLN000472,9,Salaried GP,Diabetes,Band 6,F,White,0.72,2017-09-03,2022-12-12,False
473,CLN000473,9,Healthcare Assistant,Mental Health,Band 8a,F,Other,0.55,2019-01-05,,True
474,CLN000474,9,Practice Nurse,Emergency Medicine,Band 7,F,White,0.56,2019-03-02,,True
475,CLN000475,9,GP Partner,Cardiology,ST3,F,White,0.85,2011-04-26,,True
476,CLN000476,9,Healthcare Assistant,Physiotherapy,Band 8a,F,White,0.99,2017-10-08,2023-01-01,False
477,CLN000477,9,GP Partner,Mental Health,Band 6,M,White,0.57,2014-09-21,,True
478,CLN000478,9,GP Partner,Primary Care,Band 7,F,Other,0.66,2012-07-13,,True
479,CLN000479,10,Salaried GP,Diabetes,Band 8a,F,Asian,0.95,2010-12-08,,True
480,CLN000480,10,Practice Nurse,Diabetes,Consultant,M,White,0.82,2010-09-06,,True
481,CLN000481,10,Practice Nurse,Mental Health,Band 6,F,White,0.4,2022-11-15,,True
482,CLN000482,10,Practice Nurse,Radiology,GP Partner,M,Black,0.64,2014-11-25,,True
483,CLN000483,10,Salaried GP,Diabetes,Band 5,M,White,0.74,2019-06-12,,True
484,CLN000484,10,Healthcare Assistant,Emergency Medicine,Band 6,M,White,0.99,2011-12-13,,True
485,CLN000485,10,Healthcare Assistant,Geriatrics,Consultant,F,White,0.86,2015-07-17,,True
486,CLN000486,10,Healthcare Assistant,Radiology,Band 7,F,White,0.47,2021-02-11,,True
487,CLN000487,10,Healthcare Assistant,Emergency Medicine,Band 5,F,White,0.5,2017-09-09,,True
488,CLN000488,10,Healthcare Assistant,Mental Health,Consultant,F,White,0.93,2018-07-15,,True
489,CLN000489,10,Healthcare Assistant,Cardiology,Band 7,F,White,1.0,2010-02-07,2022-08-15,False
490,CLN000490,10,Salaried GP,Diabetes,Band 6,F,Black,0.7,2015-07-25,,True
491,CLN000491,10,Salaried GP,Radiology,Band 8a,F,Asian,0.51,2018-04-27,,True
492,CLN000492,11,Healthcare Assistant,General Medicine,Band 8a,M,White,0.86,2022-02-07,,True
493,CLN000493,11,Salaried GP,Respiratory,Band 7,F,Asian,0.55,2018-09-05,,True
494,CLN000494,11,GP Partner,Primary Care,GP Partner,F,White,0.95,2021-10-27,,True
495,CLN000495,11,Salaried GP,Mental Health,GP Partner,F,Black,0.6,2011-10-13,,True
496,CLN000496,11,GP Partner,Emergency Medicine,ST3,M,Asian,0.97,2011-06-19,,True
497,CLN000497,11,Salaried GP,General Medicine,Band 8a,F,Mixed,0.4,2015-02-07,,True
498,CLN000498,11,GP Partner,Respiratory,Band 6,M,White,0.77,2008-11-25,,True
499,CLN000499,11,Practice Nurse,Emergency Medicine,Band 7,F,White,0.98,2015-08-07,,True
500,CLN000500,11,Salaried GP,Cardiology,GP Partner,M,White,0.93,2011-09-25,,True
501,CLN000501,11,Practice Nurse,Respiratory,Band 5,M,White,0.65,2015-08-09,,True
502,CLN000502,11,GP Partner,General Medicine,Band 6,M,White,0.57,2018-01-04,,True
503,CLN000503,11,Healthcare Assistant,Emergency Medicine,Band 5,M,White,0.63,2012-03-12,,True
504,CLN000504,11,Healthcare Assistant,Geriatrics,Band 6,F,White,0.59,2021-01-14,,True
505,CLN000505,11,GP Partner,Primary Care,ST3,F,White,0.95,2015-11-07,,True
506,CLN000506,11,Practice Nurse,Respiratory,Band 7,F,White,0.63,2009-07-24,,True
507,CLN000507,11,Salaried GP,Mental Health,Band 7,F,Black,0.93,2013-04-25,,True
508,CLN000508,11,Practice Nurse,Physiotherapy,Band 5,M,White,0.66,2018-06-03,,True
509,CLN000509,12,Practice Nurse,Diabetes,Band 7,M,White,0.42,2022-03-17,,True
510,CLN000510,12,Healthcare Assistant,Radiology,Band 6,F,White,0.43,2019-06-01,,True
511,CLN000511,12,Practice Nurse,Physiotherapy,Band 5,F,White,0.44,2011-01-05,,True
512,CLN000512,12,GP Partner,Primary Care,GP Partner,M,Asian,0.86,2014-12-27,,True
513,CLN000513,12,Healthcare Assistant,Physiotherapy,ST3,M,Black,0.96,2020-08-13,,True
514,CLN000514,12,Practice Nurse,Radiology,Consultant,F,Black,0.88,2020-11-26,,True
515,CLN000515,12,Practice Nurse,Mental Health,Band 5,M,Asian,0.74,2019-08-16,,True
516,CLN000516,12,Practice Nurse,Geriatrics,Band 6,M,Black,0.66,2011-08-06,,True
517,CLN000517,12,GP Partner,Physiotherapy,GP Partner,F,White,0.55,2015-11-24,,True
518,CLN000518,12,Practice Nurse,Respiratory,ST3,F,White,0.85,2009-08-13,,True
519,CLN000519,13,Salaried GP,Respiratory,Band 6,M,White,0.99,2015-04-11,,True
520,CLN000520,13,GP Partner,Physiotherapy,Band 5,M,White,0.6,2011-08-08,2019-05-26,False
521,CLN000521,13,Salaried GP,Primary Care,Consultant,M,White,0.82,2020-08-03,,True
522,CLN000522,13,GP Partner,Geriatrics,Consultant,M,Mixed,0.54,2009-05-15,2012-12-15,False
523,CLN000523,13,GP Partner,Geriatrics,Band 7,M,White,0.59,2008-01-23,,True
524,CLN000524,13,GP Partner,Cardiology,Consultant,M,Black,0.65,2008-04-04,,True
525,CLN000525,13,GP Partner,General Medicine,Band 7,F,White,0.49,2014-08-22,2020-04-22,False
526,CLN000526,13,Healthcare Assistant,Radiology,GP Partner,F,White,0.66,2010-04-11,,True
527,CLN000527,13,GP Partner,Respiratory,Band 6,M,Black,0.78,2018-02-15,,True
528,CLN000528,13,Practice Nurse,Mental Health,Band 7,F,White,0.96,2016-08-17,,True
529,CLN000529,13,Salaried GP,Primary Care,GP Partner,F,White,0.66,2014-09-19,,True
530,CLN000530,13,Healthcare Assistant,Mental Health,Band 8a,M,White,0.79,2012-01-17,2022-07-11,False
531,CLN000531,13,Practice Nurse,Primary Care,Consultant,F,White,0.65,2015-04-26,,True
532,CLN000532,14,Salaried GP,Primary Care,Band 6,M,White,0.82,2011-06-03,,True
533,CLN000533,14,Healthcare Assistant,General Medicine,ST3,F,Mixed,0.59,2018-04-16,,True
534,CLN000534,14,GP Partner,Primary Care,Consultant,F,White,0.47,2015-10-04,2021-05-06,False
535,CLN000535,14,GP Partner,Cardiology,ST3,F,White,0.83,2015-11-13,,True
536,CLN000536,14,Practice Nurse,Respiratory,ST3,F,Other,0.91,2020-12-12,,True
537,CLN000537,14,Salaried GP,Physiotherapy,Consultant,F,White,0.95,2022-08-21,,True
538,CLN000538,14,Salaried GP,Physiotherapy,Band 5,F,White,0.89,2019-09-07,,True
539,CLN000539,14,Practice Nurse,Radiology,Consultant,M,Asian,0.73,2018-10-05,,True
540,CLN000540,14,Practice Nurse,Physiotherapy,ST3,F,White,0.58,2014-07-25,,True
541,CLN000541,14,Practice Nurse,Mental Health,Band 8a,F,Asian,0.61,2012-12-02,,True
542,CLN000542,14,GP Partner,Respiratory,Band 8a,M,White,0.95,2017-07-22,,True
543,CLN000543,14,Practice Nurse,Mental Health,Band 5,F,White,0.61,2012-08-11,,True
544,CLN000544,15,Salaried GP,General Medicine,ST3,F,White,0.51,2010-03-24,,True
545,CLN000545,15,Practice Nurse,General Medicine,ST3,F,White,0.98,2021-08-26,,True
546,CLN000546,15,GP Partner,General Medicine,Band 5,M,Mixed,0.46,2016-01-11,,True
547,CLN000547,15,Practice Nurse,Cardiology,Band 5,F,White,0.45,2018-06-14,,True
548,CLN000548,15,GP Partner,Emergency Medicine,Band 5,M,White,0.71,2010-09-06,,True
549,CLN000549,15,Practice Nurse,Respiratory,ST3,F,White,0.79,2008-05-03,,True
550,CLN000550,15,GP Partner,Radiology,Band 6,F,White,0.53,2011-02-13,2017-12-24,False
551,CLN000551,15,Healthcare Assistant,Radiology,Band 7,F,White,0.54,2011-01-19,,True
552,CLN000552,15,GP Partner,Mental Health,Band 7,F,White,0.61,2022-11-12,,True
553,CLN000553,15,GP Partner,Radiology,Band 6,F,White,0.5,2011-08-08,,True
554,CLN000554,15,Salaried GP,Cardiology,ST3,F,White,0.73,2017-04-22,,True
555,CLN000555,15,Salaried GP,Diabetes,GP Partner,F,White,0.59,2014-11-20,2022-06-18,False
556,CLN000556,15,Practice Nurse,Primary Care,Consultant,M,White,0.61,2015-10-18,,True
557,CLN000557,16,GP Partner,General Medicine,Band 7,F,Asian,0.63,2008-10-25,,True
558,CLN000558,16,Salaried GP,Primary Care,Band 5,M,White,0.56,2017-03-10,,True
559,CLN000559,16,Salaried GP,General Medicine,GP Partner,M,White,0.73,2015-06-18,,True
560,CLN000560,16,Healthcare Assistant,Cardiology,Band 7,M,White,0.88,2015-12-20,,True
561,CLN000561,16,Practice Nurse,Emergency Medicine,Consultant,F,Black,0.57,2019-09-23,,True
562,CLN000562,16,Healthcare Assistant,Mental Health,Band 7,M,White,0.5,2009-01-22,,True
563,CLN000563,16,Salaried GP,Emergency Medicine,Consultant,F,White,0.62,2013-04-08,,True
564,CLN000564,16,Practice Nurse,Emergency Medicine,Band 8a,M,White,0.77,2010-01-19,,True
565,CLN000565,16,GP Partner,Mental Health,GP Partner,M,White,0.53,2011-04-06,,True
566,CLN000566,16,Practice Nurse,Diabetes,Consultant,M,White,0.8,2014-07-13,2017-09-03,False
567,CLN000567,16,Healthcare Assistant,Mental Health,Band 5,M,White,0.59,2018-08-23,,True
568,CLN000568,16,Practice Nurse,Radiology,Band 7,F,White,0.92,2019-12-09,,True
569,CLN000569,16,Practice Nurse,Geriatrics,Band 8a,M,White,1.0,2019-08-05,,True
570,CLN000570,16,Healthcare Assistant,Emergency Medicine,Band 8a,M,White,0.78,2019-01-12,,True
571,CLN000571,16,GP Partner,Radiology,Band 7,F,Asian,0.83,2008-03-22,,True
572,CLN000572,16,GP Partner,Radiology,GP Partner,F,White,0.55,2008-01-01,,True
573,CLN000573,16,Healthcare Assistant,Emergency Medicine,Band 5,F,White,0.66,2014-06-13,,True
574,CLN000574,17,GP Partner,Emergency Medicine,ST3,F,White,0.52,2017-07-18,2019-04-11,False
575,CLN000575,17,GP Partner,Primary Care,Band 5,F,White,0.72,2011-08-13,2014-09-09,False
576,CLN000576,17,Healthcare Assistant,Respiratory,Band 7,M,White,0.77,2016-12-26,2021-03-20,False
577,CLN000577,17,Healthcare Assistant,Cardiology,ST3,F,Asian,0.88,2018-08-03,,True
578,CLN000578,17,GP Partner,General Medicine,ST3,F,White,0.73,2015-08-23,,True
579,CLN000579,17,Healthcare Assistant,Radiology,ST3,M,White,0.46,2009-09-06,,True
580,CLN000580,17,Healthcare Assistant,Cardiology,Band 5,M,Black,0.51,2017-09-02,,True
581,CLN000581,17,Practice Nurse,Respiratory,GP Partner,F,White,0.47,2018-07-16,,True
582,CLN000582,18,Practice Nurse,Diabetes,Band 5,M,White,0.51,2012-01-21,,True
583,CLN000583,18,Salaried GP,Physiotherapy,Band 6,M,White,0.51,2022-07-12,2023-04-19,False
584,CLN000584,18,GP Partner,Emergency Medicine,GP Partner,M,White,0.5,2015-05-22,,True
585,CLN000585,18,Healthcare Assistant,Primary Care,Consultant,M,Asian,0.69,2014-07-15,,True
586,CLN000586,18,Practice Nurse,Emergency Medicine,GP Partner,F,White,0.88,2012-05-08,,True
587,CLN000587,18,GP Partner,Emergency Medicine,Band 8a,M,White,0.42,2016-06-14,,True
588,CLN000588,18,Healthcare Assistant,Radiology,ST3,M,White,0.89,2021-09-20,,True
589,CLN000589,18,Practice Nurse,Emergency Medicine,GP Partner,M,Black,1.0,2015-06-04,2022-02-06,False
590,CLN000590,19,GP Partner,Radiology,Band 7,M,White,0.82,2022-01-27,,True
591,CLN000591,19,Salaried GP,Mental Health,Band 5,M,White,0.95,2022-03-16,,True
592,CLN000592,19,Healthcare Assistant,Cardiology,Band 5,F,White,0.75,2015-10-12,,True
593,CLN000593,19,Salaried GP,Cardiology,Consultant,F,White,0.68,2011-09-06,,True
594,CLN000594,19,Healthcare Assistant,Mental Health,Band 5,F,White,0.61,2019-12-01,,True
595,CLN000595,19,Practice Nurse,Physiotherapy,GP Partner,F,Black,0.4,2014-08-12,,True
596,CLN000596,19,Healthcare Assistant,General Medicine,GP Partner,F,Asian,0.73,2008-08-19,,True
597,CLN000597,19,GP Partner,Physiotherapy,Band 8a,F,White,0.9,2011-12-26,2013-04-02,False
598,CLN000598,19,Healthcare Assistant,Emergency Medicine,Band 5,F,White,0.41,2020-10-14,,True
599,CLN000599,19,Healthcare Assistant,Cardiology,Band 5,F,White,0.84,2009-05-26,,True
600,CLN000600,19,Salaried GP,Physiotherapy,GP Partner,M,White,0.44,2015-09-18,,True
601,CLN000601,19,Salaried GP,Physiotherapy,Band 6,M,White,0.69,2018-08-21,,True
602,CLN000602,19,Healthcare Assistant,Radiology,ST3,M,White,0.47,2017-05-13,,True
603,CLN000603,19,Salaried GP,Cardiology,GP Partner,F,White,0.71,2014-02-05,,True
604,CLN000604,19,GP Partner,Cardiology,Band 7,F,Asian,0.42,2018-12-15,,True
605,CLN000605,19,Salaried GP,Respiratory,Band 6,M,Asian,0.58,2015-07-05,,True
606,CLN000606,19,GP Partner,Radiology,Band 8a,M,White,0.79,2011-01-10,,True
607,CLN000607,19,Practice Nurse,Cardiology,Band 8a,F,Black,0.88,2019-10-21,,True
608,CLN000608,20,Salaried GP,Mental Health,Band 8a,F,Asian,0.63,2013-11-21,,True
609,CLN000609,20,GP Partner,Primary Care,Band 5,M,White,0.55,2022-10-26,,True
610,CLN000610,20,Practice Nurse,Respiratory,Band 5,F,White,0.51,2015-08-07,,True
611,CLN000611,20,GP Partner,Respiratory,Band 7,F,White,0.54,2012-01-26,2016-10-23,False
612,CLN000612,20,GP Partner,Diabetes,GP Partner,F,Asian,0.54,2016-04-09,,True
613,CLN000613,20,Salaried GP,General Medicine,Band 6,M,Asian,0.47,2012-11-13,,True
614,CLN000614,20,Salaried GP,Emergency Medicine,Band 6,F,Asian,0.98,2016-08-18,,True
615,CLN000615,20,Salaried GP,Radiology,Band 6,F,White,0.43,2013-09-23,,True
616,CLN000616,20,Practice Nurse,Emergency Medicine,Band 7,M,White,0.49,2012-08-05,,True
617,CLN000617,20,Healthcare Assistant,Geriatrics,ST3,M,White,0.79,2011-01-02,,True
618,CLN000618,20,GP Partner,Primary Care,Band 7,F,Asian,0.98,2016-06-13,,True
619,CLN000619,20,Healthcare Assistant,Mental Health,Consultant,M,White,0.87,2011-03-04,,True
620,CLN000620,20,Healthcare Assistant,Radiology,ST3,M,Other,0.46,2015-01-08,,True
621,CLN000621,20,Healthcare Assistant,Emergency Medicine,Band 5,M,Black,0.41,2015-09-13,,True
622,CLN000622,20,Healthcare Assistant,Emergency Medicine,Band 5,F,White,0.51,2009-05-21,,True
623,CLN000623,21,Practice Nurse,Mental Health,Band 8a,M,White,0.47,2011-04-18,,True
624,CLN000624,21,Salaried GP,Primary Care,GP Partner,F,White,0.65,2022-10-26,,True
625,CLN000625,21,Healthcare Assistant,General Medicine,Band 8a,M,White,0.54,2022-07-19,,True
626,CLN000626,21,Healthcare Assistant,Primary Care,Consultant,F,White,0.45,2008-08-12,,True
627,CLN000627,21,Healthcare Assistant,Cardiology,Band 7,F,White,0.99,2018-06-04,,True
628,CLN000628,21,Salaried GP,Mental Health,ST3,F,White,0.57,2011-01-13,,True
629,CLN000629,21,Practice Nurse,Emergency Medicine,Consultant,F,White,0.86,2015-09-11,,True
630,CLN000630,21,GP Partner,Primary Care,ST3,F,White,0.89,2009-02-16,,True
631,CLN000631,21,Practice Nurse,Respiratory,Band 5,F,White,0.58,2009-11-23,,True
632,CLN000632,21,GP Partner,Emergency Medicine,GP Partner,F,Asian,0.45,2020-06-16,,True
633,CLN000633,21,GP Partner,Primary Care,GP Partner,M,Other,0.8,2016-10-02,2020-01-18,False
634,CLN000634,21,GP Partner,Physiotherapy,GP Partner,F,White,0.52,2011-05-06,2022-06-06,False
635,CLN000635,21,GP Partner,Geriatrics,Band 7,F,White,0.95,2017-12-10,,True
636,CLN000636,21,Practice Nurse,Mental Health,Band 7,M,White,0.46,2009-12-05,,True
637,CLN000637,21,Healthcare Assistant,General Medicine,Consultant,F,White,0.57,2016-02-13,,True
638,CLN000638,21,Practice Nurse,Primary Care,Band 8a,F,Mixed,0.78,2021-11-14,,True
639,CLN000639,21,GP Partner,Respiratory,GP Partner,F,White,0.56,2013-04-05,,True
640,CLN000640,22,Practice Nurse,Respiratory,Consultant,F,White,0.81,2017-03-05,,True
641,CLN000641,22,Practice Nurse,Respiratory,Band 5,F,White,0.56,2008-07-27,2011-03-21,False
642,CLN000642,22,Salaried GP,Physiotherapy,Band 8a,M,Black,0.48,2018-02-18,2021-05-24,False
643,CLN000643,22,GP Partner,Cardiology,ST3,F,White,0.95,2016-05-13,,True
644,CLN000644,22,Salaried GP,Radiology,Band 5,M,White,0.92,2014-09-08,,True
645,CLN000645,22,Salaried GP,Diabetes,ST3,F,White,0.49,2008-01-04,,True
646,CLN000646,22,Practice Nurse,General Medicine,GP Partner,M,White,0.86,2021-05-20,2022-05-01,False
647,CLN000647,22,Salaried GP,Respiratory,Band 8a,M,White,0.68,2018-03-12,2022-06-11,False
648,CLN000648,22,Salaried GP,Primary Care,Band 7,F,White,0.87,2014-06-27,,True
649,CLN000649,22,Healthcare Assistant,Diabetes,ST3,F,White,0.45,2013-07-12,,True
650,CLN000650,22,GP Partner,Diabetes,Band 8a,F,White,0.94,2019-06-16,,True
651,CLN000651,22,Healthcare Assistant,Diabetes,Band 7,F,White,0.67,2016-03-15,,True
652,CLN000652,22,Healthcare Assistant,Primary Care,GP Partner,F,Black,0.56,2009-01-17,,True
653,CLN000653,23,Salaried GP,Emergency Medicine,ST3,F,White,0.95,2013-09-21,,True
654,CLN000654,23,Practice Nurse,Diabetes,Band 5,M,White,0.54,2014-10-10,,True
655,CLN000655,23,Salaried GP,Respiratory,Band 5,F,White,0.92,2021-02-25,,True
656,CLN000656,23,GP Partner,General Medicine,Band 7,F,Mixed,0.73,2015-05-18,,True
657,CLN000657,23,Healthcare Assistant,Geriatrics,ST3,F,White,0.95,2020-07-05,,True
658,CLN000658,23,Salaried GP,Radiology,Consultant,F,White,0.83,2008-08-08,,True
659,CLN000659,23,Salaried GP,General Medicine,Band 8a,F,White,0.66,2015-01-21,,True
660,CLN000660,23,Salaried GP,Radiology,Band 7,M,Asian,0.75,2013-12-26,,True
661,CLN000661,23,Healthcare Assistant,Mental Health,GP Partner,F,White,0.69,2020-01-21,2021-07-09,False
662,CLN000662,24,GP Partner,Geriatrics,Band 6,F,Asian,0.85,2016-06-05,,True
663,CLN000663,24,GP Partner,Diabetes,Band 8a,M,White,0.65,2018-08-13,,True
664,CLN000664,24,Salaried GP,Cardiology,Band 8a,M,White,0.96,2017-06-01,,True
665,CLN000665,24,GP Partner,Mental Health,Band 8a,F,White,0.83,2014-04-13,,True
666,CLN000666,24,Practice Nurse,Geriatrics,Band 7,F,White,0.65,2020-10-22,,True
667,CLN000667,24,Healthcare Assistant,General Medicine,Band 7,M,White,0.6,2018-10-24,,True
668,CLN000668,24,GP Partner,Physiotherapy,Band 5,F,Asian,0.65,2017-04-19,,True
669,CLN000669,24,Salaried GP,General Medicine,Band 7,F,White,0.48,2019-10-01,,True
670,CLN000670,24,GP Partner,General Medicine,GP Partner,F,White,0.97,2015-06-19,,True
671,CLN000671,24,Practice Nurse,Radiology,Band 6,F,Asian,0.56,2022-10-24,,True
672,CLN000672,25,Practice Nurse,Respiratory,Band 7,F,White,0.66,2011-07-07,,True
673,CLN000673,25,GP Partner,Radiology,Consultant,F,White,0.81,2015-04-11,,True
674,CLN000674,25,Practice Nurse,Cardiology,ST3,M,White,0.92,2016-02-23,,True
675,CLN000675,25,GP Partner,Primary Care,GP Partner,M,White,0.57,2013-06-12,,True
676,CLN000676,25,Practice Nurse,Primary Care,Band 6,F,White,0.93,2015-09-22,,True
677,CLN000677,25,Practice Nurse,Respiratory,ST3,M,White,0.74,2010-05-24,,True
678,CLN000678,25,GP Partner,Primary Care,Band 8a,F,White,0.63,2011-11-26,,True
679,CLN000679,25,GP Partner,Physiotherapy,Band 7,M,Mixed,0.64,2019-12-11,,True
680,CLN000680,25,Practice Nurse,Respiratory,Consultant,F,White,0.53,2021-08-14,,True
681,CLN000681,25,Salaried GP,Respiratory,Band 8a,M,Black,0.55,2019-06-18,,True
682,CLN000682,25,Healthcare Assistant,Diabetes,ST3,M,White,0.92,2018-05-02,,True
683,CLN000683,25,Practice Nurse,Geriatrics,ST3,M,White,0.87,2015-10-18,,True
684,CLN000684,25,Practice Nurse,Respiratory,Band 6,F,Other,0.54,2019-12-07,2022-03-03,False
685,CLN000685,25,Salaried GP,Primary Care,GP Partner,F,White,0.69,2016-03-06,,True
686,CLN000686,25,GP Partner,General Medicine,Band 7,F,White,0.77,2016-08-22,,True
687,CLN000687,26,Practice Nurse,Physiotherapy,ST3,F,White,0.52,2016-10-22,2017-11-21,False
688,CLN000688,26,GP Partner,Primary Care,Band 7,F,White,0.6,2017-08-15,2019-04-03,False
689,CLN000689,26,Salaried GP,General Medicine,Band 7,M,White,0.76,2020-04-07,,True
690,CLN000690,26,Healthcare Assistant,Emergency Medicine,ST3,M,White,0.8,2013-04-21,,True
691,CLN000691,26,Healthcare Assistant,General Medicine,Consultant,M,White,0.82,2014-10-11,,True
692,CLN000692,26,Practice Nurse,Radiology,Band 5,M,White,0.57,2011-11-14,,True
693,CLN000693,26,Salaried GP,Primary Care,ST3,M,Asian,0.93,2014-06-17,,True
694,CLN000694,26,Salaried GP,Primary Care,GP Partner,F,White,0.42,2014-02-01,2015-01-22,False
695,CLN000695,27,Salaried GP,Primary Care,Band 6,M,White,0.93,2010-12-21,,True
696,CLN000696,27,GP Partner,Cardiology,Band 6,F,White,1.0,2012-08-07,,True
697,CLN000697,27,Healthcare Assistant,Cardiology,Consultant,F,White,0.74,2022-10-04,,True
698,CLN000698,27,Practice Nurse,Respiratory,Band 5,F,White,0.43,2016-07-05,,True
699,CLN000699,27,Healthcare Assistant,Diabetes,Band 8a,M,White,0.77,2010-01-10,,True
700,CLN000700,27,GP Partner,Radiology,Band 7,F,White,0.7,2012-08-27,,True
701,CLN000701,27,Salaried GP,Emergency Medicine,Band 8a,F,White,0.5,2010-05-16,,True
702,CLN000702,27,Salaried GP,General Medicine,ST3,F,Black,0.65,2021-09-26,,True
703,CLN000703,27,Healthcare Assistant,Emergency Medicine,Band 5,F,White,1.0,2019-01-16,,True
704,CLN000704,27,Healthcare Assistant,Primary Care,Consultant,M,White,0.58,2020-09-01,,True
705,CLN000705,27,Practice Nurse,Physiotherapy,Band 6,F,White,0.71,2014-09-23,,True
706,CLN000706,27,Salaried GP,Primary Care,GP Partner,M,White,0.96,2019-03-17,,True
707,CLN000707,27,Healthcare Assistant,General Medicine,Band 7,M,White,0.66,2015-04-15,,True
708,CLN000708,27,Practice Nurse,General Medicine,Consultant,F,Asian,0.99,2014-03-09,,True
709,CLN000709,28,GP Partner,Diabetes,Band 8a,M,White,0.43,2011-01-24,,True
710,CLN000710,28,GP Partner,Mental Health,Consultant,F,White,0.96,2011-04-09,2022-10-14,False
711,CLN000711,28,Practice Nurse,Physiotherapy,GP Partner,M,White,0.68,2012-08-06,,True
712,CLN000712,28,Salaried GP,General Medicine,Band 7,F,White,0.58,2012-12-27,2018-02-24,False
713,CLN000713,28,Salaried GP,Primary Care,Consultant,M,White,0.85,2011-02-24,,True
714,CLN000714,28,Salaried GP,Physiotherapy,Consultant,M,White,0.5,2021-01-07,,True
715,CLN000715,28,GP Partner,General Medicine,Band 8a,F,White,0.63,2016-01-07,,True
716,CLN000716,28,Practice Nurse,Cardiology,ST3,F,White,0.94,2012-07-21,,True
717,CLN000717,28,Practice Nurse,Mental Health,Band 5,M,Asian,0.98,2018-06-08,,True
718,CLN000718,28,Salaried GP,Respiratory,Band 8a,F,White,0.5,2012-06-11,,True
719,CLN000719,28,GP Partner,Geriatrics,Band 5,M,White,0.44,2021-06-24,2022-10-25,False
720,CLN000720,28,Salaried GP,Emergency Medicine,Consultant,F,White,0.58,2014-01-04,,True
721,CLN000721,28,Salaried GP,Radiology,ST3,F,White,0.67,2009-12-04,,True
722,CLN000722,28,Salaried GP,Cardiology,Band 5,M,Asian,0.64,2011-04-11,,True
723,CLN000723,28,Practice Nurse,Primary Care,GP Partner,F,White,0.74,2010-04-04,,True
724,CLN000724,29,Salaried GP,Geriatrics,Band 6,F,White,0.71,2014-03-15,,True
725,CLN000725,29,GP Partner,General Medicine,Band 8a,F,White,0.88,2014-10-16,,True
726,CLN000726,29,Healthcare Assistant,Diabetes,Band 7,F,White,0.79,2012-08-11,2014-11-10,False
727,CLN000727,29,Salaried GP,General Medicine,GP Partner,M,Asian,0.69,2012-06-26,2019-10-24,False
728,CLN000728,29,Healthcare Assistant,Emergency Medicine,Band 7,M,White,0.83,2019-03-16,2022-04-09,False
729,CLN000729,29,Healthcare Assistant,Geriatrics,Band 6,F,White,0.87,2013-08-15,,True
730,CLN000730,29,Practice Nurse,Primary Care,GP Partner,F,Asian,0.8,2012-12-21,,True
731,CLN000731,29,Salaried GP,Geriatrics,Consultant,F,White,0.73,2011-01-17,,True
732,CLN000732,29,Practice Nurse,Diabetes,Band 6,M,Other,0.58,2008-12-05,,True
733,CLN000733,30,Salaried GP,Geriatrics,Band 6,F,White,0.61,2010-05-15,2011-01-11,False
734,CLN000734,30,Healthcare Assistant,Diabetes,Band 8a,M,Asian,0.42,2009-05-04,,True
735,CLN000735,30,Healthcare Assistant,Primary Care,Band 6,F,White,0.86,2021-04-21,,True
736,CLN000736,30,Salaried GP,Cardiology,Band 7,M,White,0.8,2013-04-23,,True
737,CLN000737,30,Healthcare Assistant,Diabetes,Consultant,M,White,0.58,2008-05-02,,True
738,CLN000738,30,Healthcare Assistant,Mental Health,Band 5,F,Asian,0.85,2017-07-18,,True
739,CLN000739,30,Healthcare Assistant,Geriatrics,Band 7,F,White,0.62,2021-04-23,,True
740,CLN000740,30,GP Partner,General Medicine,GP Partner,M,Asian,0.97,2010-03-12,,True
741,CLN000741,30,GP Partner,Physiotherapy,Band 5,F,Other,0.42,2012-08-17,,True
742,CLN000742,30,Practice Nurse,Primary Care,Band 7,M,White,0.9,2011-03-06,,True
743,CLN000743,30,Healthcare Assistant,Mental Health,ST3,F,Black,0.45,2010-03-06,,True
744,CLN000744,30,Salaried GP,Geriatrics,Band 6,F,Other,0.68,2016-02-12,,True
745,CLN000745,31,Salaried GP,Respiratory,Band 7,M,White,0.81,2011-03-17,,True
746,CLN000746,31,Salaried GP,Cardiology,Band 8a,M,White,0.5,2019-03-14,,True
747,CLN000747,31,Healthcare Assistant,Cardiology,GP Partner,F,White,0.84,2012-06-10,2013-06-04,False
748,CLN000748,31,GP Partner,Diabetes,ST3,F,Black,0.4,2013-12-26,,True
749,CLN000749,31,Healthcare Assistant,Geriatrics,Band 7,M,White,0.61,2020-01-12,,True
750,CLN000750,31,Salaried GP,Emergency Medicine,Band 7,F,Asian,0.52,2018-01-26,,True
751,CLN000751,31,GP Partner,Cardiology,Band 7,M,White,0.98,2020-06-08,,True
752,CLN000752,31,Salaried GP,Diabetes,GP Partner,F,White,0.74,2016-07-21,,True
753,CLN000753,31,Healthcare Assistant,Geriatrics,Consultant,F,White,0.52,2015-02-02,,True
754,CLN000754,31,Practice Nurse,Cardiology,Band 5,M,White,0.89,2009-02-22,,True
755,CLN000755,31,Healthcare Assistant,Radiology,Consultant,M,White,0.97,2009-10-06,,True
756,CLN000756,32,GP Partner,Geriatrics,Band 6,F,White,1.0,2019-01-03,,True
757,CLN000757,32,GP Partner,Geriatrics,Band 7,M,Asian,0.93,2020-02-17,,True
758,CLN000758,32,Salaried GP,Radiology,Band 7,M,White,0.59,2014-11-10,2017-04-09,False
759,CLN000759,32,GP Partner,General Medicine,Band 8a,F,White,0.47,2011-06-17,2018-05-01,False
760,CLN000760,32,GP Partner,Emergency Medicine,Band 7,M,White,0.46,2017-07-03,,True
761,CLN000761,32,Salaried GP,Diabetes,Band 5,M,White,0.52,2014-02-17,,True
762,CLN000762,32,Practice Nurse,Respiratory,Band 6,F,White,0.57,2020-11-26,,True
763,CLN000763,32,Salaried GP,Cardiology,ST3,M,White,0.9,2020-07-23,,True
764,CLN000764,33,Salaried GP,Mental Health,Band 8a,M,White,0.4,2012-02-26,,True
765,CLN000765,33,GP Partner,Radiology,Band 8a,F,White,0.98,2016-09-17,,True
766,CLN000766,33,GP Partner,Emergency Medicine,ST3,F,White,0.51,2012-03-18,2022-04-16,False
767,CLN000767,33,Salaried GP,Diabetes,Consultant,F,Mixed,0.62,2017-02-08,2019-10-07,False
768,CLN000768,33,Practice Nurse,Primary Care,ST3,F,Asian,0.49,2010-10-01,,True
769,CLN000769,33,Salaried GP,Physiotherapy,GP Partner,F,Other,0.81,2012-03-23,,True
770,CLN000770,33,Salaried GP,Primary Care,Band 8a,F,White,0.83,2013-06-26,,True
771,CLN000771,33,GP Partner,Respiratory,Consultant,M,White,0.87,2015-04-16,,True
772,CLN000772,33,Healthcare Assistant,Radiology,Band 6,M,White,0.74,2017-07-13,,True
773,CLN000773,33,Salaried GP,General Medicine,Band 7,M,White,0.73,2021-01-02,,True
774,CLN000774,33,Practice Nurse,Emergency Medicine,Band 7,F,White,0.57,2018-12-18,,True
775,CLN000775,33,Healthcare Assistant,Respiratory,Band 6,M,White,0.44,2014-08-12,,True
776,CLN000776,34,Practice Nurse,Cardiology,Consultant,F,White,0.84,2017-10-03,,True
777,CLN000777,34,GP Partner,Respiratory,Band 7,F,White,0.44,2020-02-12,,True
778,CLN000778,34,Practice Nurse,Cardiology,Consultant,F,White,0.63,2009-10-18,,True
779,CLN000779,34,Healthcare Assistant,Respiratory,Consultant,F,White,0.45,2022-06-08,2023-03-04,False
780,CLN000780,34,Salaried GP,Mental Health,Consultant,F,White,0.52,2018-11-22,,True
781,CLN000781,34,Healthcare Assistant,Mental Health,GP Partner,F,White,0.72,2009-02-02,,True
782,CLN000782,34,GP Partner,Geriatrics,Band 6,M,White,0.9,2022-08-16,,True
783,CLN000783,34,Healthcare Assistant,Primary Care,Band 8a,F,Asian,0.5,2022-07-08,,True
784,CLN000784,34,Healthcare Assistant,Physiotherapy,ST3,F,White,0.75,2020-06-23,,True
785,CLN000785,34,GP Partner,Primary Care,Band 6,M,Asian,0.73,2009-02-07,2017-02-21,False
786,CLN000786,34,GP Partner,Respiratory,Band 6,M,Asian,0.43,2009-05-23,,True
787,CLN000787,34,Healthcare Assistant,General Medicine,ST3,F,White,0.94,2019-06-23,,True
788,CLN000788,34,Practice Nurse,Primary Care,Band 8a,F,Other,0.81,2019-08-03,,True
789,CLN000789,34,Practice Nurse,Physiotherapy,Band 6,F,White,0.86,2022-04-02,,True
790,CLN000790,35,Psychologist,Geriatrics,GP Partner,M,White,0.59,2014-11-09,,True
791,CLN000791,35,Physiotherapist,Radiology,ST3,M,Asian,0.49,2015-12-25,,True
792,CLN000792,35,Occupational Therapist,General Medicine,ST3,F,White,0.78,2020-10-09,,True
793,CLN000793,35,Psychologist,Radiology,Band 5,F,Mixed,0.98,2008-12-07,,True
794,CLN000794,35,Community Nurse,Respiratory,GP Partner,M,White,0.77,2011-02-21,,True
795,CLN000795,35,Physiotherapist,General Medicine,Band 5,F,Asian,0.85,2013-12-23,,True
796,CLN000796,35,Physiotherapist,Geriatrics,Band 7,M,White,0.85,2020-10-05,,True
797,CLN000797,35,Psychologist,Geriatrics,Band 8a,F,White,0.82,2018-07-10,,True
798,CLN000798,35,Occupational Therapist,Diabetes,ST3,M,White,0.92,2015-03-03,2021-12-22,False
799,CLN000799,35,Psychologist,Physiotherapy,ST3,M,White,0.48,2014-03-04,,True
800,CLN000800,35,Community Nurse,Primary Care,Consultant,M,White,0.64,2015-11-12,,True
801,CLN000801,35,Occupational Therapist,Mental Health,GP Partner,F,White,0.82,2016-10-23,,True
802,CLN000802,35,Physiotherapist,Mental Health,GP Partner,F,White,0.83,2015-06-15,,True
803,CLN000803,35,Community Nurse,Diabetes,Band 7,F,White,0.82,2011-04-23,,True
804,CLN000804,35,Community Nurse,Cardiology,Band 8a,F,White,0.55,2013-05-15,,True
805,CLN000805,35,Physiotherapist,Primary Care,ST3,F,White,0.73,2012-03-03,2022-07-24,False
806,CLN000806,35,Physiotherapist,General Medicine,Band 6,F,White,0.56,2017-07-05,2020-09-26,False
807,CLN000807,35,Psychologist,Respiratory,Consultant,M,Other,0.92,2009-02-01,,True
808,CLN000808,35,Physiotherapist,General Medicine,Consultant,F,White,0.73,2020-12-07,,True
809,CLN000809,35,Occupational Therapist,General Medicine,Band 7,M,White,0.6,2017-05-23,,True
810,CLN000810,35,Community Nurse,Cardiology,Band 6,M,White,0.47,2010-06-05,,True
811,CLN000811,35,Community Nurse,Emergency Medicine,Band 8a,F,White,0.57,2017-03-09,,True
812,CLN000812,35,Physiotherapist,Mental Health,Consultant,F,White,0.56,2022-06-05,,True
813,CLN000813,35,Psychologist,General Medicine,Band 5,F,White,0.91,2022-07-01,,True
814,CLN000814,35,Physiotherapist,Cardiology,Band 5,F,White,0.9,2020-07-01,,True
815,CLN000815,35,Psychologist,Mental Health,GP Partner,M,White,0.77,2014-07-08,,True
816,CLN000816,35,Occupational Therapist,Geriatrics,Band 8a,F,White,0.56,2009-07-17,,True
817,CLN000817,35,Psychologist,Mental Health,GP Partner,F,White,0.41,2021-02-21,,True
818,CLN000818,35,Physiotherapist,Radiology,Band 8a,M,Black,0.93,2010-03-02,2019-03-24,False
819,CLN000819,35,Physiotherapist,Radiology,Band 6,F,White,0.54,2016-05-18,,True
820,CLN000820,35,Occupational Therapist,Respiratory,Consultant,F,White,0.89,2021-01-13,,True
821,CLN000821,36,Occupational Therapist,Primary Care,Band 8a,M,White,0.67,2013-07-13,,True
822,CLN000822,36,Occupational Therapist,Emergency Medicine,Band 6,F,White,0.8,2017-04-09,,True
823,CLN000823,36,Community Nurse,Cardiology,ST3,F,White,0.54,2015-01-21,,True
824,CLN000824,36,Physiotherapist,Primary Care,Consultant,F,White,0.72,2019-06-27,2022-03-19,False
825,CLN000825,36,Psychologist,Diabetes,Band 7,F,White,0.7,2010-07-07,,True
826,CLN000826,36,Psychologist,Primary Care,Consultant,F,White,0.63,2016-12-26,,True
827,CLN000827,36,Physiotherapist,Emergency Medicine,Consultant,M,Asian,0.74,2009-05-21,,True
828,CLN000828,36,Occupational Therapist,General Medicine,ST3,M,White,0.47,2016-07-15,,True
829,CLN000829,36,Community Nurse,Cardiology,Band 8a,M,Asian,0.87,2009-11-11,,True
830,CLN000830,36,Psychologist,Geriatrics,Band 5,M,White,0.44,2022-02-13,,True
831,CLN000831,36,Psychologist,Mental Health,ST3,M,Asian,0.48,2017-11-04,2023-10-05,False
832,CLN000832,36,Occupational Therapist,Cardiology,Band 8a,F,White,0.67,2021-04-04,,True
833,CLN000833,36,Psychologist,Geriatrics,Band 7,M,White,0.53,2021-10-12,,True
834,CLN000834,36,Psychologist,General Medicine,GP Partner,M,White,0.63,2019-10-11,,True
835,CLN000835,36,Physiotherapist,Respiratory,Band 8a,F,White,0.91,2015-10-07,,True
836,CLN000836,36,Physiotherapist,General Medicine,ST3,F,Black,0.93,2010-09-18,,True
837,CLN000837,36,Physiotherapist,Cardiology,ST3,F,Asian,0.69,2014-10-07,,True
838,CLN000838,36,Occupational Therapist,Cardiology,Band 7,F,White,0.51,2021-02-22,,True
839,CLN000839,36,Occupational Therapist,Primary Care,Consultant,F,Asian,0.52,2013-03-01,,True
840,CLN000840,36,Occupational Therapist,General Medicine,ST3,M,White,0.54,2009-11-10,,True
841,CLN000841,36,Occupational Therapist,General Medicine,Band 5,M,White,0.98,2009-09-11,,True
842,CLN000842,37,Occupational Therapist,General Medicine,Consultant,F,White,0.52,2016-11-08,,True
843,CLN000843,37,Psychologist,Physiotherapy,ST3,M,White,0.62,2022-08-17,,True
844,CLN000844,37,Community Nurse,Emergency Medicine,Band 6,M,White,0.86,2015-05-19,2017-06-01,False
845,CLN000845,37,Community Nurse,General Medicine,Band 8a,M,White,0.44,2013-03-09,,True
846,CLN000846,37,Psychologist,General Medicine,ST3,F,White,0.78,2016-04-20,,True
847,CLN000847,37,Physiotherapist,Diabetes,GP Partner,M,White,0.51,2011-02-13,,True
848,CLN000848,37,Psychologist,Cardiology,GP Partner,M,White,0.79,2009-05-21,,True
849,CLN000849,37,Occupational Therapist,Geriatrics,GP Partner,M,White,0.62,2018-12-08,,True
850,CLN000850,37,Community Nurse,General Medicine,Band 8a,F,White,0.96,2014-02-19,,True
851,CLN000851,37,Psychologist,Diabetes,Band 6,M,White,0.76,2016-09-13,,True
852,CLN000852,37,Community Nurse,Primary Care,Consultant,F,White,0.66,2022-10-12,2023-07-20,False
853,CLN000853,37,Occupational Therapist,Diabetes,ST3,F,White,0.72,2013-05-22,,True
854,CLN000854,37,Occupational Therapist,Cardiology,Band 5,M,White,0.77,2018-10-17,,True
855,CLN000855,37,Community Nurse,Cardiology,ST3,F,White,0.65,2010-06-22,,True
856,CLN000856,37,Psychologist,Emergency Medicine,ST3,F,White,0.74,2022-06-06,,True
857,CLN000857,37,Psychologist,Primary Care,Band 7,F,White,0.91,2013-07-01,,True
858,CLN000858,38,Physiotherapist,Primary Care,Consultant,F,White,0.72,2013-09-11,,True
859,CLN000859,38,Community Nurse,Emergency Medicine,Band 8a,F,White,0.49,2016-07-18,,True
860,CLN000860,38,Community Nurse,Cardiology,Band 7,F,White,0.94,2022-06-27,,True
861,CLN000861,38,Psychologist,Emergency Medicine,Band 7,F,White,0.8,2009-11-14,,True
862,CLN000862,38,Occupational Therapist,General Medicine,Band 6,F,Black,0.5,2015-02-07,2023-05-17,False
863,CLN000863,38,Community Nurse,Diabetes,Band 6,F,White,0.61,2020-04-25,2023-08-23,False
864,CLN000864,38,Community Nurse,Geriatrics,Band 8a,F,Asian,0.48,2017-01-13,,True
865,CLN000865,38,Occupational Therapist,Diabetes,GP Partner,F,Black,0.42,2010-01-22,,True
866,CLN000866,38,Physiotherapist,Primary Care,Consultant,F,White,0.84,2017-03-18,,True
867,CLN000867,38,Occupational Therapist,Emergency Medicine,Band 5,M,White,0.63,2014-02-27,,True
868,CLN000868,38,Psychologist,Mental Health,Band 8a,M,White,0.93,2015-09-25,2023-12-27,False
869,CLN000869,38,Occupational Therapist,Cardiology,Band 5,M,White,0.57,2019-06-27,,True
870,CLN000870,38,Psychologist,Emergency Medicine,GP Partner,F,White,0.45,2015-01-19,,True
871,CLN000871,38,Community Nurse,Diabetes,Band 5,F,Asian,0.97,2018-11-05,,True
872,CLN000872,38,Community Nurse,Radiology,Band 5,M,White,0.76,2015-12-07,,True
873,CLN000873,38,Occupational Therapist,Physiotherapy,Band 6,F,White,0.91,2009-09-16,,True
874,CLN000874,38,Community Nurse,Respiratory,Band 8a,M,White,0.68,2014-11-21,,True
875,CLN000875,38,Physiotherapist,Emergency Medicine,Band 8a,F,White,0.92,2013-12-25,2017-06-12,False
876,CLN000876,38,Physiotherapist,Physiotherapy,Consultant,M,White,0.7,2019-09-25,2023-02-21,False
877,CLN000877,38,Physiotherapist,Emergency Medicine,GP Partner,F,White,0.97,2012-02-14,,True
878,CLN000878,38,Occupational Therapist,Diabetes,Band 5,F,White,0.92,2017-11-10,,True
879,CLN000879,38,Community Nurse,Respiratory,Band 7,M,Asian,0.43,2016-04-27,,True
880,CLN000880,38,Psychologist,Respiratory,Consultant,F,Asian,0.57,2011-10-13,,True
881,CLN000881,39,Psychologist,Diabetes,Consultant,M,White,0.93,2015-04-04,2017-05-06,False
882,CLN000882,39,Physiotherapist,Cardiology,Band 8a,F,White,0.76,2017-01-21,,True
883,CLN000883,39,Physiotherapist,Cardiology,Band 5,M,White,0.52,2016-02-01,,True
884,CLN000884,39,Community Nurse,Cardiology,Band 5,M,White,0.79,2018-02-06,,True
885,CLN000885,39,Physiotherapist,Mental Health,Band 8a,M,White,0.49,2014-02-13,,True
886,CLN000886,39,Community Nurse,Physiotherapy,Consultant,F,White,0.8,2018-05-22,,True
887,CLN000887,39,Psychologist,General Medicine,Band 6,F,White,0.48,2009-12-12,,True
888,CLN000888,39,Physiotherapist,Cardiology,Consultant,F,White,0.7,2021-11-09,2022-07-21,False
889,CLN000889,39,Physiotherapist,Primary Care,ST3,M,Black,0.54,2008-02-07,,True
890,CLN000890,39,Occupational Therapist,General Medicine,Consultant,M,White,0.57,2021-06-12,,True
891,CLN000891,39,Physiotherapist,Geriatrics,GP Partner,F,White,0.71,2009-09-25,,True
892,CLN000892,39,Community Nurse,Diabetes,GP Partner,F,White,0.91,2013-03-24,2021-10-24,False
893,CLN000893,39,Psychologist,Emergency Medicine,Band 5,M,White,0.47,2017-01-02,,True
894,CLN000894,39,Physiotherapist,Emergency Medicine,Band 8a,F,Black,0.68,2011-12-24,,True
895,CLN000895,39,Community Nurse,Geriatrics,GP Partner,F,White,0.41,2021-04-27,,True
896,CLN000896,39,Occupational Therapist,Primary Care,Band 7,F,Asian,0.41,2020-08-12,,True
897,CLN000897,39,Community Nurse,Diabetes,Band 6,M,White,0.75,2016-07-24,,True
898,CLN000898,39,Community Nurse,General Medicine,ST3,F,White,0.75,2022-10-22,,True
899,CLN000899,40,Community Nurse,Respiratory,GP Partner,F,White,0.84,2021-08-21,,True
900,CLN000900,40,Community Nurse,General Medicine,ST3,F,White,0.53,2009-05-04,,True
901,CLN000901,40,Psychologist,Respiratory,Band 5,F,White,0.56,2014-12-09,,True
902,CLN000902,40,Occupational Therapist,Radiology,Band 8a,F,White,0.75,2008-07-26,2020-03-07,False
903,CLN000903,40,Community Nurse,Geriatrics,GP Partner,F,Asian,0.42,2015-01-16,,True
904,CLN000904,40,Psychologist,Respiratory,Band 7,F,Asian,0.45,2020-10-05,,True
905,CLN000905,40,Physiotherapist,Physiotherapy,Consultant,M,White,0.67,2010-06-10,,True
906,CLN000906,40,Occupational Therapist,Geriatrics,Consultant,M,White,0.7,2014-08-17,2017-09-01,False
907,CLN000907,40,Occupational Therapist,Physiotherapy,Consultant,M,White,0.77,2010-06-26,2020-01-26,False
908,CLN000908,40,Physiotherapist,Physiotherapy,ST3,M,White,0.69,2017-09-07,,True
909,CLN000909,40,Community Nurse,Geriatrics,GP Partner,F,White,0.82,2020-05-12,,True
910,CLN000910,40,Psychologist,Geriatrics,GP Partner,F,White,0.46,2013-01-11,,True
911,CLN000911,40,Psychologist,Cardiology,ST3,F,White,0.46,2012-08-24,,True
912,CLN000912,40,Occupational Therapist,Cardiology,Band 7,M,White,0.71,2008-02-04,2019-02-09,False
913,CLN000913,40,Physiotherapist,Cardiology,GP Partner,F,White,0.89,2013-04-07,,True
914,CLN000914,40,Community Nurse,Primary Care,Band 5,M,White,0.75,2013-03-11,,True
915,CLN000915,40,Occupational Therapist,Primary Care,Band 5,M,White,0.88,2014-04-14,,True
916,CLN000916,40,Community Nurse,Diabetes,GP Partner,F,White,0.89,2016-03-21,,True
917,CLN000917,40,Physiotherapist,General Medicine,Band 5,F,White,0.95,2010-04-21,2019-08-19,False
918,CLN000918,40,Occupational Therapist,Radiology,Band 7,F,White,0.98,2015-07-22,,True
919,CLN000919,40,Physiotherapist,Diabetes,GP Partner,F,Asian,0.55,2021-09-20,,True
920,CLN000920,40,Psychologist,Emergency Medicine,Band 5,M,White,0.59,2010-08-14,,True
921,CLN000921,40,Occupational Therapist,Primary Care,Band 5,F,Asian,0.42,2010-02-13,,True
922,CLN000922,40,Community Nurse,Physiotherapy,Band 8a,M,White,0.61,2016-01-26,2019-07-13,False
923,CLN000923,40,Physiotherapist,Radiology,Band 8a,F,Asian,0.89,2013-06-01,,True
924,CLN000924,40,Physiotherapist,Emergency Medicine,Band 5,M,White,0.54,2012-08-13,,True
925,CLN000925,40,Psychologist,Diabetes,Band 8a,F,White,0.72,2016-08-12,,True
926,CLN000926,40,Community Nurse,Primary Care,GP Partner,F,White,0.78,2013-11-17,,True
927,CLN000927,40,Occupational Therapist,Radiology,Consultant,F,White,0.63,2013-06-02,,True
928,CLN000928,40,Community Nurse,General Medicine,Band 7,F,White,0.85,2009-07-18,,True
929,CLN000929,40,Psychologist,Mental Health,GP Partner,M,White,0.99,2010-01-25,,True
930,CLN000930,40,Occupational Therapist,Diabetes,Band 7,F,White,0.44,2019-01-26,,True
931,CLN000931,40,Community Nurse,Diabetes,Consultant,F,White,0.82,2010-01-12,,True
932,CLN000932,40,Physiotherapist,Radiology,ST3,F,White,0.88,2012-11-08,,True
933,CLN000933,41,Psychologist,General Medicine,Band 6,M,White,0.59,2016-10-18,,True
934,CLN000934,41,Physiotherapist,Emergency Medicine,Band 8a,F,White,0.75,2020-11-13,2021-07-15,False
935,CLN000935,41,Physiotherapist,Physiotherapy,Band 7,F,White,0.83,2012-05-02,,True
936,CLN000936,41,Physiotherapist,Respiratory,Band 5,M,White,0.67,2017-09-20,,True
937,CLN000937,41,Psychologist,Diabetes,Band 7,F,White,0.75,2010-08-06,,True
938,CLN000938,41,Occupational Therapist,Geriatrics,Band 6,F,White,0.64,2012-08-08,,True
939,CLN000939,41,Physiotherapist,General Medicine,ST3,M,White,0.97,2018-06-24,,True
940,CLN000940,41,Psychologist,Primary Care,Band 7,F,White,0.7,2013-03-21,,True
941,CLN000941,41,Occupational Therapist,Cardiology,Band 5,M,White,0.96,2012-06-13,,True
942,CLN000942,41,Community Nurse,Diabetes,Band 8a,F,Asian,0.77,2009-09-21,,True
943,CLN000943,41,Physiotherapist,Cardiology,Band 6,M,White,0.5,2011-01-07,2019-11-25,False
944,CLN000944,41,Occupational Therapist,Mental Health,Band 8a,M,White,0.76,2022-10-03,,True
945,CLN000945,41,Community Nurse,Emergency Medicine,Consultant,M,Other,0.62,2011-07-20,,True
946,CLN000946,41,Physiotherapist,Cardiology,Band 5,F,White,0.53,2013-03-04,,True
947,CLN000947,41,Psychologist,Geriatrics,Band 7,F,White,0.61,2009-04-14,,True
948,CLN000948,41,Physiotherapist,Primary Care,Consultant,M,White,0.66,2016-02-10,,True
949,CLN000949,41,Physiotherapist,Radiology,ST3,F,White,0.47,2008-12-02,,True
950,CLN000950,41,Physiotherapist,Diabetes,Band 5,M,Mixed,0.66,2020-09-08,,True
951,CLN000951,41,Physiotherapist,Primary Care,Band 6,F,White,0.53,2017-03-05,,True
952,CLN000952,41,Psychologist,Geriatrics,Consultant,M,Mixed,0.62,2008-10-15,,True
953,CLN000953,41,Psychologist,Diabetes,Band 5,M,White,0.89,2015-10-27,,True
954,CLN000954,41,Physiotherapist,Mental Health,Band 6,M,White,0.85,2017-10-24,,True
955,CLN000955,41,Community Nurse,Primary Care,Band 5,F,Black,0.87,2012-08-12,,True
956,CLN000956,41,Occupational Therapist,Diabetes,Band 6,F,Asian,0.59,2010-01-27,,True
957,CLN000957,41,Physiotherapist,Mental Health,ST3,M,White,0.82,2016-01-25,,True
958,CLN000958,42,Community Nurse,Physiotherapy,Band 6,M,White,0.73,2012-08-26,,True
959,CLN000959,42,Physiotherapist,Physiotherapy,GP Partner,M,White,0.93,2022-08-20,,True
960,CLN000960,42,Psychologist,Physiotherapy,Consultant,M,White,0.57,2022-07-04,2023-05-08,False
961,CLN000961,42,Physiotherapist,Diabetes,Band 6,F,White,0.46,2021-07-07,,True
962,CLN000962,42,Occupational Therapist,Radiology,Consultant,F,Black,0.62,2018-03-23,,True
963,CLN000963,42,Psychologist,Physiotherapy,Band 5,M,White,0.87,2008-09-17,2023-07-08,False
964,CLN000964,42,Physiotherapist,Mental Health,ST3,M,White,0.43,2012-01-01,,True
965,CLN000965,42,Psychologist,Cardiology,Band 5,M,White,0.88,2011-02-23,,True
966,CLN000966,42,Occupational Therapist,Diabetes,ST3,M,White,0.94,2020-07-17,,True
967,CLN000967,42,Community Nurse,Physiotherapy,GP Partner,M,White,0.4,2014-07-15,,True
968,CLN000968,42,Psychologist,Geriatrics,Consultant,M,White,0.98,2008-07-11,,True
969,CLN000969,42,Occupational Therapist,General Medicine,Band 5,M,Other,0.6,2016-12-14,,True
970,CLN000970,42,Community Nurse,Radiology,Band 6,F,White,0.94,2016-10-01,,True
971,CLN000971,42,Physiotherapist,Respiratory,Band 8a,F,White,0.46,2009-10-20,2013-12-04,False
972,CLN000972,42,Occupational Therapist,General Medicine,Band 6,F,White,0.98,2022-12-05,,True
973,CLN000973,42,Physiotherapist,Emergency Medicine,Band 8a,F,Other,0.53,2015-05-27,,True
974,CLN000974,42,Physiotherapist,General Medicine,Band 7,M,White,0.75,2012-05-12,,True
975,CLN000975,42,Community Nurse,General Medicine,Band 6,F,White,0.89,2021-09-15,,True
976,CLN000976,42,Psychologist,General Medicine,Consultant,M,White,0.58,2013-07-07,,True
977,CLN000977,42,Psychologist,Physiotherapy,Band 6,M,White,0.97,2019-10-07,,True
978,CLN000978,42,Psychologist,Physiotherapy,Band 6,M,Black,0.85,2011-04-04,,True
979,CLN000979,42,Community Nurse,Diabetes,Band 8a,F,Asian,0.86,2021-09-01,,True
980,CLN000980,42,Physiotherapist,Respiratory,Band 7,F,White,0.6,2020-04-23,,True
981,CLN000981,42,Occupational Therapist,Mental Health,Band 6,F,White,0.74,2010-05-12,2012-07-16,False
982,CLN000982,42,Occupational Therapist,Primary Care,Band 5,M,Asian,0.63,2015-06-19,,True
983,CLN000983,42,Physiotherapist,Primary Care,GP Partner,F,Mixed,0.92,2013-03-08,2022-04-22,False
984,CLN000984,42,Physiotherapist,Physiotherapy,GP Partner,F,White,0.8,2022-02-27,,True
985,CLN000985,42,Physiotherapist,Emergency Medicine,Consultant,F,White,0.83,2020-02-17,,True
986,CLN000986,42,Physiotherapist,Respiratory,GP Partner,F,Asian,0.83,2010-05-10,,True
987,CLN000987,42,Psychologist,Diabetes,Consultant,F,White,1.0,2020-07-25,,True
988,CLN000988,42,Psychologist,Diabetes,GP Partner,M,White,0.5,2022-08-10,,True
989,CLN000989,43,ED Nurse,Mental Health,Band 5,F,White,0.52,2021-06-15,,True
990,CLN000990,43,ED Doctor,Radiology,Band 6,M,White,0.62,2016-02-01,,True
991,CLN000991,43,Paramedic,Geriatrics,ST3,F,White,0.66,2021-05-19,,True
992,CLN000992,43,ED Doctor,General Medicine,Band 5,F,White,0.5,2014-07-18,,True
993,CLN000993,43,ED Nurse,Respiratory,Consultant,F,Black,0.97,2016-08-04,2018-09-22,False
994,CLN000994,43,Paramedic,General Medicine,Band 7,F,White,0.99,2021-08-27,,True
995,CLN000995,43,ED Nurse,General Medicine,Band 5,F,White,0.71,2022-10-26,,True
996,CLN000996,43,ED Nurse,Radiology,GP Partner,F,White,0.83,2021-04-06,,True
997,CLN000997,43,ED Doctor,Emergency Medicine,Band 6,F,White,0.8,2018-02-20,,True
998,CLN000998,43,ED Doctor,Physiotherapy,Band 6,M,White,0.53,2019-03-18,,True
999,CLN000999,43,ED Nurse,Radiology,GP Partner,F,White,0.69,2013-11-26,,True
1000,CLN001000,43,ED Nurse,Emergency Medicine,Consultant,M,White,0.99,2010-11-01,,True
1001,CLN001001,43,ED Doctor,Geriatrics,Consultant,F,White,0.91,2013-08-19,,True
1002,CLN001002,43,ED Nurse,Diabetes,Band 8a,M,White,0.43,2019-11-14,,True
1003,CLN001003,43,Paramedic,Respiratory,Band 5,F,White,0.59,2012-08-10,,True
1004,CLN001004,43,Paramedic,Respiratory,ST3,M,White,0.54,2020-09-07,,True
1005,CLN001005,43,Paramedic,Diabetes,Consultant,M,White,0.83,2008-02-20,,True
1006,CLN001006,43,ED Doctor,Cardiology,ST3,M,Black,0.47,2012-07-24,,True
1007,CLN001007,43,ED Doctor,Respiratory,Band 6,M,White,0.79,2017-12-18,,True
1008,CLN001008,43,Paramedic,Primary Care,ST3,M,White,0.8,2009-11-26,,True
1009,CLN001009,43,ED Nurse,Physiotherapy,Band 8a,F,Black,0.48,2010-05-07,,True
1010,CLN001010,43,ED Nurse,Cardiology,Band 7,M,White,0.5,2020-11-01,,True
1011,CLN001011,43,Paramedic,Primary Care,Band 7,F,White,0.64,2022-12-23,,True
1012,CLN001012,43,Paramedic,Cardiology,ST3,F,White,0.66,2016-03-03,,True
1013,CLN001013,43,Paramedic,Respiratory,Consultant,F,Asian,0.79,2022-06-01,2023-02-04,False
1014,CLN001014,43,ED Nurse,Emergency Medicine,Band 6,M,White,0.59,2018-07-01,,True
1015,CLN001015,43,ED Nurse,Radiology,Band 6,F,White,0.49,2016-12-19,,True
1016,CLN001016,43,ED Nurse,Physiotherapy,Band 7,M,White,0.57,2012-08-16,,True
1017,CLN001017,43,ED Nurse,Mental Health,ST3,M,White,0.45,2022-03-23,2023-10-25,False
1018,CLN001018,43,Paramedic,Emergency Medicine,Band 7,M,White,0.89,2012-07-18,,True
1019,CLN001019,43,ED Doctor,Geriatrics,ST3,F,White,0.61,2017-05-18,,True
1020,CLN001020,43,Paramedic,Radiology,Band 5,M,White,0.48,2015-01-14,,True
1021,CLN001021,43,ED Doctor,Respiratory,Band 5,F,White,0.91,2022-11-13,,True
1022,CLN001022,44,ED Nurse,Geriatrics,Band 6,F,White,0.59,2019-09-14,,True
1023,CLN001023,44,Paramedic,General Medicine,Band 5,F,White,0.53,2022-10-21,,True
1024,CLN001024,44,Paramedic,General Medicine,Band 6,M,Asian,0.52,2016-02-24,,True
1025,CLN001025,44,ED Doctor,General Medicine,Band 6,F,White,0.7,2009-02-21,,True
1026,CLN001026,44,Paramedic,Geriatrics,Band 8a,F,Mixed,0.9,2010-07-18,,True
1027,CLN001027,44,ED Nurse,Cardiology,ST3,F,White,0.61,2008-02-07,2014-11-20,False
1028,CLN001028,44,Paramedic,Physiotherapy,Consultant,F,White,0.79,2019-08-10,,True
1029,CLN001029,44,ED Nurse,Diabetes,Band 8a,F,White,0.65,2009-08-20,,True
1030,CLN001030,44,Paramedic,Radiology,GP Partner,M,White,0.79,2016-06-05,,True
1031,CLN001031,44,ED Nurse,Radiology,ST3,M,White,0.53,2008-03-26,,True
1032,CLN001032,44,Paramedic,Diabetes,Band 6,M,White,0.68,2013-05-13,,True
1033,CLN001033,44,ED Nurse,Emergency Medicine,Band 6,F,Asian,0.7,2011-11-01,,True
1034,CLN001034,44,ED Nurse,Diabetes,Band 7,M,White,0.41,2015-02-04,2016-06-27,False
1035,CLN001035,44,ED Doctor,Mental Health,Band 5,M,White,0.6,2009-09-14,,True
1036,CLN001036,44,ED Nurse,General Medicine,Band 5,M,White,0.67,2015-12-15,,True
1037,CLN001037,44,ED Nurse,Geriatrics,Consultant,M,White,0.76,2020-09-15,,True
1038,CLN001038,44,Paramedic,Primary Care,Band 8a,F,Asian,0.8,2018-11-10,,True
1039,CLN001039,44,Paramedic,General Medicine,Band 8a,F,White,0.51,2013-02-07,,True
1040,CLN001040,44,Paramedic,Mental Health,GP Partner,F,White,0.45,2013-03-11,,True
1041,CLN001041,44,ED Doctor,Diabetes,GP Partner,F,Asian,0.48,2022-03-08,2023-08-11,False
1042,CLN001042,44,ED Doctor,Primary Care,Band 6,F,White,0.72,2022-04-02,,True
1043,CLN001043,44,Paramedic,General Medicine,Band 7,M,White,0.53,2021-08-19,2022-04-15,False
1044,CLN001044,44,ED Doctor,Primary Care,GP Partner,M,Asian,0.58,2009-02-02,,True
1045,CLN001045,44,ED Nurse,Geriatrics,ST3,F,White,0.94,2014-12-04,2020-08-03,False
1046,CLN001046,44,ED Doctor,Diabetes,Band 5,M,Asian,0.42,2008-09-01,,True
1047,CLN001047,44,ED Doctor,Respiratory,Consultant,F,Black,0.73,2020-12-11,,True
1048,CLN001048,44,ED Nurse,Geriatrics,GP Partner,F,White,0.94,2017-12-23,,True
1049,CLN001049,44,ED Doctor,Primary Care,ST3,F,White,0.64,2021-05-17,2022-12-01,False
1050,CLN001050,44,ED Nurse,Emergency Medicine,Consultant,M,Other,0.87,2010-01-11,2015-06-21,False
1051,CLN001051,44,ED Doctor,Mental Health,Band 5,F,White,0.89,2018-05-08,,True
1052,CLN001052,44,ED Doctor,Mental Health,ST3,F,White,0.46,2020-09-04,,True
1053,CLN001053,45,ED Doctor,Cardiology,ST3,M,White,0.9,2015-07-16,2021-08-16,False
1054,CLN001054,45,ED Nurse,Cardiology,Consultant,F,Mixed,0.74,2008-06-11,,True
1055,CLN001055,45,Paramedic,Geriatrics,Band 5,M,White,0.55,2012-06-02,,True
1056,CLN001056,45,Paramedic,Diabetes,ST3,M,White,0.72,2018-12-02,,True
1057,CLN001057,45,ED Doctor,Mental Health,Band 6,M,White,0.73,2019-10-12,2023-08-19,False
1058,CLN001058,45,Paramedic,Emergency Medicine,Band 6,F,Black,0.62,2014-08-18,2019-04-05,False
1059,CLN001059,45,Paramedic,Geriatrics,Consultant,F,White,0.56,2014-07-27,2019-12-11,False
1060,CLN001060,45,Paramedic,Primary Care,Consultant,F,Asian,0.41,2018-11-21,,True
1061,CLN001061,45,ED Nurse,Primary Care,Band 7,F,White,0.65,2015-05-26,,True
1062,CLN001062,45,ED Doctor,Respiratory,Consultant,F,Asian,0.47,2011-07-26,,True
1063,CLN001063,45,ED Doctor,Geriatrics,Band 8a,M,White,0.71,2010-03-18,,True
1064,CLN001064,45,ED Nurse,Diabetes,Consultant,F,Black,0.66,2011-03-06,,True
1065,CLN001065,45,ED Doctor,General Medicine,Band 8a,M,Black,0.66,2014-03-16,,True
1066,CLN001066,45,Paramedic,Radiology,Band 7,M,White,0.47,2013-04-25,,True
1067,CLN001067,45,ED Nurse,Mental Health,Consultant,F,White,0.54,2009-10-15,,True
1068,CLN001068,45,ED Nurse,General Medicine,Band 8a,F,White,0.7,2019-06-16,2023-03-22,False
1069,CLN001069,45,Paramedic,Radiology,Band 5,M,White,0.89,2016-06-24,,True
1070,CLN001070,45,ED Doctor,Geriatrics,Consultant,F,Asian,0.47,2020-07-01,,True
1071,CLN001071,45,ED Nurse,Radiology,GP Partner,M,White,0.57,2013-06-18,,True
1072,CLN001072,45,Paramedic,Mental Health,Band 5,M,White,0.43,2013-03-03,,True
1073,CLN001073,45,Paramedic,Geriatrics,Band 7,F,White,0.92,2018-08-06,,True
1074,CLN001074,45,ED Doctor,Mental Health,Band 6,F,White,0.63,2012-11-27,,True
1075,CLN001075,45,Paramedic,Physiotherapy,Consultant,F,White,0.7,2016-11-05,,True
1076,CLN001076,45,Paramedic,Primary Care,Band 6,F,Asian,0.63,2019-02-08,,True
1077,CLN001077,45,ED Nurse,Physiotherapy,ST3,F,White,0.81,2013-07-22,,True
1078,CLN001078,45,ED Doctor,Geriatrics,ST3,F,White,0.82,2008-08-07,,True
1079,CLN001079,45,ED Nurse,Diabetes,Band 5,M,Other,0.67,2016-09-18,,True
1080,CLN001080,45,Paramedic,Diabetes,Band 8a,M,White,0.87,2011-06-04,,True
1081,CLN001081,45,ED Nurse,Cardiology,Band 6,M,White,0.82,2022-05-17,,True
1082,CLN001082,45,ED Doctor,Respiratory,Band 6,M,White,0.93,2018-05-08,,True
1083,CLN001083,46,ED Nurse,Primary Care,Band 5,F,White,0.57,2014-03-02,,True
1084,CLN001084,46,Paramedic,Primary Care,GP Partner,F,White,0.56,2019-10-09,,True
1085,CLN001085,46,ED Doctor,Mental Health,GP Partner,M,White,0.42,2018-02-25,,True
1086,CLN001086,46,ED Nurse,Mental Health,Band 8a,F,White,0.75,2018-09-24,,True
1087,CLN001087,46,ED Doctor,Geriatrics,Band 6,F,White,0.47,2008-08-02,2020-07-26,False
1088,CLN001088,46,ED Doctor,Respiratory,Band 8a,F,White,0.44,2008-08-10,,True
1089,CLN001089,46,ED Nurse,Respiratory,Band 6,M,White,0.95,2018-06-03,,True
1090,CLN001090,46,Paramedic,Diabetes,GP Partner,F,White,0.98,2017-11-09,,True
1091,CLN001091,46,Paramedic,Primary Care,GP Partner,M,Mixed,0.51,2022-05-17,,True
1092,CLN001092,46,ED Doctor,Radiology,Band 6,M,White,0.65,2013-06-24,2021-12-20,False
1093,CLN001093,46,Paramedic,Radiology,Band 5,M,White,0.79,2018-05-24,,True
1094,CLN001094,46,Paramedic,General Medicine,GP Partner,F,White,0.66,2011-01-06,,True
1095,CLN001095,46,Paramedic,General Medicine,Band 8a,F,White,0.77,2008-04-04,,True
1096,CLN001096,46,ED Doctor,General Medicine,Band 6,M,White,0.62,2009-09-06,,True
1097,CLN001097,46,ED Nurse,Cardiology,Band 6,M,White,0.57,2014-11-27,,True
1098,CLN001098,46,ED Nurse,Respiratory,ST3,F,Asian,0.81,2013-05-12,,True
1099,CLN001099,46,ED Doctor,Diabetes,ST3,F,White,0.81,2021-09-14,,True
1100,CLN001100,46,ED Doctor,Primary Care,Band 8a,M,White,0.43,2013-08-06,,True
1101,CLN001101,46,ED Doctor,Mental Health,Band 5,M,Asian,0.9,2015-12-12,,True
1102,CLN001102,46,Paramedic,Primary Care,Band 7,M,Mixed,0.98,2017-10-21,2019-08-26,False
1103,CLN001103,46,Paramedic,Primary Care,Band 8a,F,Mixed,0.46,2020-05-24,,True
1104,CLN001104,46,ED Doctor,Diabetes,Band 7,F,White,0.97,2010-12-16,2023-04-11,False
1105,CLN001105,46,ED Doctor,Physiotherapy,GP Partner,M,White,0.89,2014-11-05,2020-07-20,False
1106,CLN001106,46,ED Doctor,Primary Care,Band 5,F,White,0.86,2013-03-20,,True
1107,CLN001107,46,ED Nurse,Primary Care,Consultant,F,Mixed,0.65,2010-06-07,,True
1108,CLN001108,46,Paramedic,Diabetes,ST3,M,White,0.75,2018-09-10,,True
1109,CLN001109,46,Paramedic,Diabetes,Band 8a,M,White,0.7,2008-12-03,,True
1110,CLN001110,46,ED Nurse,Cardiology,Band 5,M,White,0.96,2014-10-06,,True
1111,CLN001111,46,ED Doctor,Geriatrics,Band 7,M,White,0.85,2016-12-25,,True
1112,CLN001112,46,Paramedic,Geriatrics,Band 5,F,White,0.83,2016-07-24,,True
1113,CLN001113,46,ED Doctor,Respiratory,Band 6,M,Mixed,0.49,2016-01-04,,True
1114,CLN001114,46,Paramedic,Cardiology,Band 6,F,White,0.54,2022-05-13,2023-02-14,False
1115,CLN001115,46,Paramedic,General Medicine,GP Partner,M,Other,0.53,2011-09-17,,True
1116,CLN001116,47,Sonographer,Mental Health,Band 5,M,Mixed,0.5,2016-06-07,,True
1117,CLN001117,47,Radiologist,Mental Health,Band 5,F,Other,0.43,2008-11-13,,True
1118,CLN001118,47,Radiologist,Diabetes,Band 8a,M,White,0.51,2014-09-01,,True
1119,CLN001119,47,Radiographer,Emergency Medicine,Band 5,F,Asian,0.76,2013-08-16,,True
1120,CLN001120,47,Radiologist,Geriatrics,ST3,M,White,0.96,2011-07-22,,True
1121,CLN001121,47,Sonographer,Diabetes,GP Partner,F,White,0.83,2021-03-26,,True
1122,CLN001122,47,Radiographer,Emergency Medicine,Band 7,M,White,0.66,2021-08-25,,True
1123,CLN001123,47,Radiographer,Cardiology,GP Partner,F,White,0.73,2009-01-12,,True
1124,CLN001124,47,Radiographer,Cardiology,Band 6,F,White,0.6,2019-08-18,,True
1125,CLN001125,47,Sonographer,Geriatrics,Band 6,M,White,0.71,2011-07-19,2018-03-17,False
1126,CLN001126,47,Radiologist,Geriatrics,Band 6,F,White,0.61,2021-09-11,,True
1127,CLN001127,47,Radiologist,Respiratory,Band 7,F,White,0.81,2011-07-27,,True
1128,CLN001128,47,Radiologist,Diabetes,GP Partner,M,White,0.72,2022-03-03,2023-09-17,False
1129,CLN001129,47,Radiologist,Radiology,GP Partner,F,White,0.85,2016-11-14,,True
1130,CLN001130,47,Sonographer,Diabetes,Band 5,F,White,0.77,2021-05-22,,True
1131,CLN001131,47,Radiographer,Physiotherapy,Band 5,M,Asian,0.71,2009-09-17,,True
1132,CLN001132,47,Sonographer,Emergency Medicine,ST3,F,Other,0.56,2011-09-17,,True
1133,CLN001133,47,Radiographer,Diabetes,GP Partner,F,White,0.98,2013-09-12,2021-09-23,False
1134,CLN001134,47,Sonographer,Respiratory,Band 6,F,Asian,0.74,2009-05-22,,True
1135,CLN001135,48,Radiographer,Mental Health,Band 7,M,White,0.48,2012-10-19,,True
1136,CLN001136,48,Radiologist,Geriatrics,Band 8a,F,White,0.95,2017-04-17,2018-02-27,False
1137,CLN001137,48,Radiographer,Diabetes,Band 8a,M,White,0.44,2008-12-05,,True
1138,CLN001138,48,Radiographer,General Medicine,ST3,F,White,0.44,2015-05-02,,True
1139,CLN001139,48,Radiologist,Cardiology,Band 5,M,Asian,0.81,2019-03-15,,True
1140,CLN001140,48,Radiographer,Primary Care,GP Partner,F,White,0.45,2019-10-12,,True
1141,CLN001141,48,Radiographer,Radiology,ST3,M,White,0.84,2020-05-24,,True
1142,CLN001142,48,Sonographer,Diabetes,ST3,M,White,0.62,2020-06-24,2023-10-09,False
1143,CLN001143,48,Sonographer,Emergency Medicine,Band 5,F,White,0.46,2016-08-05,,True
1144,CLN001144,48,Sonographer,Geriatrics,Band 5,F,White,0.97,2013-02-13,,True
1145,CLN001145,48,Sonographer,Primary Care,GP Partner,M,White,0.4,2014-02-10,,True
1146,CLN001146,48,Radiologist,Diabetes,ST3,F,Black,0.47,2011-06-19,,True
1147,CLN001147,48,Sonographer,Diabetes,Band 5,M,White,0.42,2022-03-09,,True
1148,CLN001148,48,Sonographer,Radiology,Band 7,M,White,0.66,2021-12-01,,True
1149,CLN001149,48,Radiographer,General Medicine,GP Partner,M,White,0.82,2022-01-16,,True
1150,CLN001150,48,Radiographer,Emergency Medicine,Band 7,M,White,0.75,2010-03-06,,True
1151,CLN001151,48,Radiologist,Physiotherapy,Band 7,F,White,0.5,2009-03-16,,True
1152,CLN001152,48,Radiographer,Diabetes,Band 8a,F,White,0.48,2020-03-01,,True
1153,CLN001153,48,Radiographer,Geriatrics,Band 7,M,White,0.72,2021-08-22,,True
1154,CLN001154,48,Radiographer,Cardiology,Band 7,F,White,0.94,2021-06-14,,True
1155,CLN001155,48,Sonographer,Radiology,ST3,F,Black,0.6,2022-04-04,,True
1156,CLN001156,48,Sonographer,Radiology,Band 6,F,White,0.75,2011-03-20,,True
1157,CLN001157,49,Sonographer,Diabetes,Band 7,F,White,0.46,2020-04-17,,True
1158,CLN001158,49,Radiologist,Cardiology,ST3,F,White,0.74,2009-09-04,,True
1159,CLN001159,49,Sonographer,General Medicine,Consultant,F,White,0.73,2018-10-24,,True
1160,CLN001160,49,Radiographer,Emergency Medicine,Band 8a,F,White,0.9,2018-12-27,,True
1161,CLN001161,49,Radiographer,Respiratory,Consultant,M,White,0.81,2010-07-10,,True
1162,CLN001162,49,Sonographer,Respiratory,Band 5,M,Mixed,0.91,2010-05-02,,True
1163,CLN001163,49,Radiologist,General Medicine,GP Partner,M,Other,0.61,2012-07-15,,True
1164,CLN001164,49,Radiographer,Radiology,ST3,F,White,0.42,2014-11-13,,True
1165,CLN001165,49,Sonographer,Primary Care,GP Partner,F,Black,0.96,2010-03-20,,True
1166,CLN001166,49,Radiographer,General Medicine,Band 7,F,Asian,0.41,2009-06-17,,True
1167,CLN001167,49,Radiographer,Diabetes,GP Partner,M,White,0.49,2012-12-14,,True
1168,CLN001168,49,Radiologist,Diabetes,ST3,M,White,0.73,2008-12-13,,True
1169,CLN001169,49,Sonographer,Diabetes,GP Partner,M,White,0.63,2008-07-19,,True
1170,CLN001170,49,Sonographer,Diabetes,Band 8a,M,White,0.42,2010-04-11,,True
1171,CLN001171,49,Radiologist,Emergency Medicine,Band 8a,F,Black,0.41,2020-03-16,,True
1172,CLN001172,49,Radiographer,Diabetes,GP Partner,M,Mixed,0.44,2012-10-04,,True
1173,CLN001173,50,Sonographer,Geriatrics,ST3,M,White,0.72,2014-01-05,2015-07-10,False
1174,CLN001174,50,Radiologist,Geriatrics,Band 5,M,White,0.76,2014-09-10,,True
1175,CLN001175,50,Radiologist,Primary Care,Band 6,M,Asian,0.57,2012-07-22,2018-07-11,False
1176,CLN001176,50,Radiologist,Radiology,Consultant,F,White,0.46,2021-06-17,,True
1177,CLN001177,50,Radiographer,Geriatrics,Band 8a,F,Asian,0.89,2014-03-19,,True
1178,CLN001178,50,Radiographer,Respiratory,Consultant,F,White,0.96,2017-01-20,,True
1179,CLN001179,50,Radiographer,Cardiology,Band 6,F,White,0.51,2022-07-01,,True
1180,CLN001180,50,Radiographer,Geriatrics,GP Partner,F,White,0.73,2013-12-21,,True
1181,CLN001181,50,Sonographer,Primary Care,Band 7,M,White,0.88,2017-10-04,,True
1182,CLN001182,50,Radiographer,Mental Health,Band 8a,M,White,0.55,2012-12-24,,True
1183,CLN001183,50,Sonographer,Emergency Medicine,Band 8a,M,White,0.82,2013-03-22,,True
1184,CLN001184,50,Radiographer,Geriatrics,ST3,F,Mixed,0.71,2020-09-01,,True
1185,CLN001185,50,Radiologist,Primary Care,Band 5,F,White,0.72,2010-04-01,,True
1186,CLN001186,50,Sonographer,Diabetes,Band 8a,F,White,0.78,2010-01-15,,True
1187,CLN001187,50,Sonographer,Physiotherapy,Band 7,F,Black,0.8,2014-10-18,,True
1188,CLN001188,50,Radiologist,Emergency Medicine,ST3,F,White,0.99,2016-06-18,,True
1189,CLN001189,50,Radiographer,Respiratory,Band 5,F,White,0.49,2019-03-20,,True
1190,CLN001190,50,Radiographer,General Medicine,Consultant,M,White,0.81,2009-11-05,,True
1191,CLN001191,50,Radiologist,Geriatrics,Band 6,F,White,0.61,2017-10-02,,True
1192,CLN001192,50,Sonographer,Geriatrics,Band 6,M,White,0.71,2014-05-01,,True
